id_calificacion;id_escuela;id_matricula;id_estudiante;id_programa;id_planestudio;id_asignatura;numgrado_programa;id_grupo;id_matriculaasignatura;id_periodo;p1_id_corte;p1_id_docente;p1_nc_calificacion;p1_np_calificacion;p1_na_calificacion;p1_nd_calificacion;p1_nn_calificacion;p1_logroc;p1_logrop;p1_logroa;p1_ausencias;p1_comentarios;p2_id_corte;p2_id_docente;p2_nc_calificacion;p2_np_calificacion;p2_na_calificacion;p2_nd_calificacion;p2_nn_calificacion;p2_logroc;p2_logrop;p2_logroa;p2_ausencias;p2_comentarios;p3_id_corte;p3_id_docente;p3_nc_calificacion;p3_np_calificacion;p3_na_calificacion;p3_nd_calificacion;p3_nn_calificacion;p3_logroc;p3_logrop;p3_logroa;p3_ausencias;p3_comentarios;p4_id_corte;p4_id_docente;p4_nc_calificacion;p4_np_calificacion;p4_na_calificacion;p4_nd_calificacion;p4_nn_calificacion;p4_logroc;p4_logrop;p4_logroa;p4_ausencias;p4_comentarios;p5_id_corte;p5_id_docente;p5_nc_calificacion;p5_np_calificacion;p5_na_calificacion;p5_nd_calificacion;p5_nn_calificacion;p5_logroc;p5_logrop;p5_logroa;p5_ausencias;p5_comentarios;p6_id_corte;p6_id_docente;p6_nc_calificacion;p6_np_calificacion;p6_na_calificacion;p6_nd_calificacion;p6_nn_calificacion;p6_logroc;p6_logrop;p6_logroa;p6_ausencias;p6_comentarios;phab_id_corte;phab_id_docente;phab_nc_calificacion;phab_np_calificacion;phab_na_calificacion;phab_nd_calificacion;phab_nn_calificacion;phab_logroc;phab_logrop;phab_logroa;phab_ausencias;phab_comentarios;pfin_id_corte;pfin_id_docente;pfin_nd_calificacion;pfin_ausencias_calificacion;pfin_comentarios_calificacion;usuariocrea;fechacrea;usuarioedita;fechaedita;status_calificacion
1;1;M20190101080000P611;P611;2;1002;AART;10;10B002;M20190101080000P611AART;2019;120191;;9;9;9;9;;;;;0;;120192;;9;9;9;9;;;;;0;;120193;;9;9;9;9;;;;;0;;120194;;10;10;10;10;;;;;0;;;;;;;;;;;;;;;;;;;;;;;;;;;;;;;;;;;;;;;;;;;superadmin;;superadmin;;1
2;1;M20190101080000P611;P611;2;1002;ACD;10;10B002;M20190101080000P611ACD;2019;120191;;6;6;6;6;;;;;0;;120192;;5;5;5;5;;;;;0;;120193;;6;6;6;6;;;;;0;;120194;;9;9;9;9;;;;;0;;;;;;;;;;;;;;;;;;;;;;;;;;;;;;;;;;;;;;;;;;;superadmin;;superadmin;;1
3;1;M20190101080000P611;P611;2;1002;ADEM;10;10B002;M20190101080000P611ADEM;2019;120191;;10;10;10;10;;;;;0;;120192;;10;10;10;10;;;;;0;;120193;;6;6;6;6;;;;;0;;120194;;6;6;6;6;;;;;0;;;;;;;;;;;;;;;;;;;;;;;;;;;;;;;;;;;;;;;;;;;superadmin;;superadmin;;1
4;1;M20190101080000P611;P611;2;1002;AECO;10;10B002;M20190101080000P611AECO;2019;120191;;9;9;9;9;;;;;0;;120192;;9;9;9;9;;;;;0;;120193;;6;6;6;6;;;;;0;;120194;;10;10;10;10;;;;;0;;;;;;;;;;;;;;;;;;;;;;;;;;;;;;;;;;;;;;;;;;;superadmin;;superadmin;;1
5;1;M20190101080000P611;P611;2;1002;AEFI;10;10B002;M20190101080000P611AEFI;2019;120191;;7;7;7;7;;;;;0;;120192;;8;8;8;8;;;;;0;;120193;;7;7;7;7;;;;;0;;120194;;10;10;10;10;;;;;0;;;;;;;;;;;;;;;;;;;;;;;;;;;;;;;;;;;;;;;;;;;superadmin;;superadmin;;1
6;1;M20190101080000P611;P611;2;1002;AESP;10;10B002;M20190101080000P611AESP;2019;120191;;9;9;9;9;;;;;0;;120192;;6;6;6;6;;;;;0;;120193;;8;8;8;8;;;;;0;;120194;;6;6;6;6;;;;;0;;;;;;;;;;;;;;;;;;;;;;;;;;;;;;;;;;;;;;;;;;;superadmin;;superadmin;;1
7;1;M20190101080000P611;P611;2;1002;AEVA;10;10B002;M20190101080000P611AEVA;2019;120191;;10;10;10;10;;;;;0;;120192;;6;6;6;6;;;;;0;;120193;;8;8;8;8;;;;;0;;120194;;7;7;7;7;;;;;0;;;;;;;;;;;;;;;;;;;;;;;;;;;;;;;;;;;;;;;;;;;superadmin;;superadmin;;1
8;1;M20190101080000P611;P611;2;1002;AFIL;10;10B002;M20190101080000P611AFIL;2019;120191;;9;9;9;9;;;;;0;;120192;;5;5;5;5;;;;;0;;120193;;9;9;9;9;;;;;0;;120194;;6;6;6;6;;;;;0;;;;;;;;;;;;;;;;;;;;;;;;;;;;;;;;;;;;;;;;;;;superadmin;;superadmin;;1
9;1;M20190101080000P611;P611;2;1002;AFIS;10;10B002;M20190101080000P611AFIS;2019;120191;;9;9;9;9;;;;;0;;120192;;5;5;5;5;;;;;0;;120193;;5;5;5;5;;;;;0;;120194;;8;8;8;8;;;;;0;;;;;;;;;;;;;;;;;;;;;;;;;;;;;;;;;;;;;;;;;;;superadmin;;superadmin;;1
10;1;M20190101080000P611;P611;2;1002;AINF;10;10B002;M20190101080000P611AINF;2019;120191;;10;10;10;10;;;;;0;;120192;;7;7;7;7;;;;;0;;120193;;10;10;10;10;;;;;0;;120194;;7;7;7;7;;;;;0;;;;;;;;;;;;;;;;;;;;;;;;;;;;;;;;;;;;;;;;;;;superadmin;;superadmin;;1
11;1;M20190101080000P611;P611;2;1002;AING;10;10B002;M20190101080000P611AING;2019;120191;;8;8;8;8;;;;;0;;120192;;9;9;9;9;;;;;0;;120193;;10;10;10;10;;;;;0;;120194;;10;10;10;10;;;;;0;;;;;;;;;;;;;;;;;;;;;;;;;;;;;;;;;;;;;;;;;;;superadmin;;superadmin;;1
12;1;M20190101080000P611;P611;2;1002;AMAT;10;10B002;M20190101080000P611AMAT;2019;120191;;6;6;6;6;;;;;0;;120192;;9;9;9;9;;;;;0;;120193;;5;5;5;5;;;;;0;;120194;;10;10;10;10;;;;;0;;;;;;;;;;;;;;;;;;;;;;;;;;;;;;;;;;;;;;;;;;;superadmin;;superadmin;;1
13;1;M20190101080000P611;P611;2;1002;AQU;10;10B002;M20190101080000P611AQU;2019;120191;;7;7;7;7;;;;;0;;120192;;5;5;5;5;;;;;0;;120193;;6;6;6;6;;;;;0;;120194;;6;6;6;6;;;;;0;;;;;;;;;;;;;;;;;;;;;;;;;;;;;;;;;;;;;;;;;;;superadmin;;superadmin;;1
14;1;M20190101080000P611;P611;2;1002;AREL;10;10B002;M20190101080000P611AREL;2019;120191;;5;5;5;5;;;;;0;;120192;;8;8;8;8;;;;;0;;120193;;8;8;8;8;;;;;0;;120194;;5;5;5;5;;;;;0;;;;;;;;;;;;;;;;;;;;;;;;;;;;;;;;;;;;;;;;;;;superadmin;;superadmin;;1
15;1;M20190101080000P612;P612;2;1002;AART;10;10B002;M20190101080000P612AART;2019;120191;;9;9;9;9;;;;;0;;120192;;10;10;10;10;;;;;0;;120193;;9;9;9;9;;;;;0;;120194;;8;8;8;8;;;;;0;;;;;;;;;;;;;;;;;;;;;;;;;;;;;;;;;;;;;;;;;;;superadmin;;superadmin;;1
16;1;M20190101080000P612;P612;2;1002;ACD;10;10B002;M20190101080000P612ACD;2019;120191;;7;7;7;7;;;;;0;;120192;;10;10;10;10;;;;;0;;120193;;6;6;6;6;;;;;0;;120194;;8;8;8;8;;;;;0;;;;;;;;;;;;;;;;;;;;;;;;;;;;;;;;;;;;;;;;;;;superadmin;;superadmin;;1
17;1;M20190101080000P612;P612;2;1002;ADEM;10;10B002;M20190101080000P612ADEM;2019;120191;;9;9;9;9;;;;;0;;120192;;6;6;6;6;;;;;0;;120193;;7;7;7;7;;;;;0;;120194;;9;9;9;9;;;;;0;;;;;;;;;;;;;;;;;;;;;;;;;;;;;;;;;;;;;;;;;;;superadmin;;superadmin;;1
18;1;M20190101080000P612;P612;2;1002;AECO;10;10B002;M20190101080000P612AECO;2019;120191;;8;8;8;8;;;;;0;;120192;;6;6;6;6;;;;;0;;120193;;6;6;6;6;;;;;0;;120194;;7;7;7;7;;;;;0;;;;;;;;;;;;;;;;;;;;;;;;;;;;;;;;;;;;;;;;;;;superadmin;;superadmin;;1
19;1;M20190101080000P612;P612;2;1002;AEFI;10;10B002;M20190101080000P612AEFI;2019;120191;;8;8;8;8;;;;;0;;120192;;10;10;10;10;;;;;0;;120193;;10;10;10;10;;;;;0;;120194;;7;7;7;7;;;;;0;;;;;;;;;;;;;;;;;;;;;;;;;;;;;;;;;;;;;;;;;;;superadmin;;superadmin;;1
20;1;M20190101080000P612;P612;2;1002;AESP;10;10B002;M20190101080000P612AESP;2019;120191;;9;9;9;9;;;;;0;;120192;;6;6;6;6;;;;;0;;120193;;8;8;8;8;;;;;0;;120194;;6;6;6;6;;;;;0;;;;;;;;;;;;;;;;;;;;;;;;;;;;;;;;;;;;;;;;;;;superadmin;;superadmin;;1
21;1;M20190101080000P612;P612;2;1002;AEVA;10;10B002;M20190101080000P612AEVA;2019;120191;;7;7;7;7;;;;;0;;120192;;7;7;7;7;;;;;0;;120193;;8;8;8;8;;;;;0;;120194;;9;9;9;9;;;;;0;;;;;;;;;;;;;;;;;;;;;;;;;;;;;;;;;;;;;;;;;;;superadmin;;superadmin;;1
22;1;M20190101080000P612;P612;2;1002;AFIL;10;10B002;M20190101080000P612AFIL;2019;120191;;5;5;5;5;;;;;0;;120192;;5;5;5;5;;;;;0;;120193;;8;8;8;8;;;;;0;;120194;;10;10;10;10;;;;;0;;;;;;;;;;;;;;;;;;;;;;;;;;;;;;;;;;;;;;;;;;;superadmin;;superadmin;;1
23;1;M20190101080000P612;P612;2;1002;AFIS;10;10B002;M20190101080000P612AFIS;2019;120191;;10;10;10;10;;;;;0;;120192;;8;8;8;8;;;;;0;;120193;;6;6;6;6;;;;;0;;120194;;5;5;5;5;;;;;0;;;;;;;;;;;;;;;;;;;;;;;;;;;;;;;;;;;;;;;;;;;superadmin;;superadmin;;1
24;1;M20190101080000P612;P612;2;1002;AINF;10;10B002;M20190101080000P612AINF;2019;120191;;6;6;6;6;;;;;0;;120192;;6;6;6;6;;;;;0;;120193;;9;9;9;9;;;;;0;;120194;;9;9;9;9;;;;;0;;;;;;;;;;;;;;;;;;;;;;;;;;;;;;;;;;;;;;;;;;;superadmin;;superadmin;;1
25;1;M20190101080000P612;P612;2;1002;AING;10;10B002;M20190101080000P612AING;2019;120191;;7;7;7;7;;;;;0;;120192;;6;6;6;6;;;;;0;;120193;;9;9;9;9;;;;;0;;120194;;9;9;9;9;;;;;0;;;;;;;;;;;;;;;;;;;;;;;;;;;;;;;;;;;;;;;;;;;superadmin;;superadmin;;1
26;1;M20190101080000P612;P612;2;1002;AMAT;10;10B002;M20190101080000P612AMAT;2019;120191;;8;8;8;8;;;;;0;;120192;;8;8;8;8;;;;;0;;120193;;10;10;10;10;;;;;0;;120194;;6;6;6;6;;;;;0;;;;;;;;;;;;;;;;;;;;;;;;;;;;;;;;;;;;;;;;;;;superadmin;;superadmin;;1
27;1;M20190101080000P612;P612;2;1002;AQU;10;10B002;M20190101080000P612AQU;2019;120191;;10;10;10;10;;;;;0;;120192;;8;8;8;8;;;;;0;;120193;;7;7;7;7;;;;;0;;120194;;7;7;7;7;;;;;0;;;;;;;;;;;;;;;;;;;;;;;;;;;;;;;;;;;;;;;;;;;superadmin;;superadmin;;1
28;1;M20190101080000P612;P612;2;1002;AREL;10;10B002;M20190101080000P612AREL;2019;120191;;9;9;9;9;;;;;0;;120192;;10;10;10;10;;;;;0;;120193;;7;7;7;7;;;;;0;;120194;;6;6;6;6;;;;;0;;;;;;;;;;;;;;;;;;;;;;;;;;;;;;;;;;;;;;;;;;;superadmin;;superadmin;;1
29;1;M20190101080000P613;P613;2;1002;AART;10;10B002;M20190101080000P613AART;2019;120191;;8;8;8;8;;;;;0;;120192;;8;8;8;8;;;;;0;;120193;;8;8;8;8;;;;;0;;120194;;7;7;7;7;;;;;0;;;;;;;;;;;;;;;;;;;;;;;;;;;;;;;;;;;;;;;;;;;superadmin;;superadmin;;1
30;1;M20190101080000P613;P613;2;1002;ACD;10;10B002;M20190101080000P613ACD;2019;120191;;7;7;7;7;;;;;0;;120192;;5;5;5;5;;;;;0;;120193;;9;9;9;9;;;;;0;;120194;;10;10;10;10;;;;;0;;;;;;;;;;;;;;;;;;;;;;;;;;;;;;;;;;;;;;;;;;;superadmin;;superadmin;;1
31;1;M20190101080000P613;P613;2;1002;ADEM;10;10B002;M20190101080000P613ADEM;2019;120191;;8;8;8;8;;;;;0;;120192;;8;8;8;8;;;;;0;;120193;;7;7;7;7;;;;;0;;120194;;6;6;6;6;;;;;0;;;;;;;;;;;;;;;;;;;;;;;;;;;;;;;;;;;;;;;;;;;superadmin;;superadmin;;1
32;1;M20190101080000P613;P613;2;1002;AECO;10;10B002;M20190101080000P613AECO;2019;120191;;7;7;7;7;;;;;0;;120192;;10;10;10;10;;;;;0;;120193;;8;8;8;8;;;;;0;;120194;;10;10;10;10;;;;;0;;;;;;;;;;;;;;;;;;;;;;;;;;;;;;;;;;;;;;;;;;;superadmin;;superadmin;;1
33;1;M20190101080000P613;P613;2;1002;AEFI;10;10B002;M20190101080000P613AEFI;2019;120191;;6;6;6;6;;;;;0;;120192;;9;9;9;9;;;;;0;;120193;;5;5;5;5;;;;;0;;120194;;10;10;10;10;;;;;0;;;;;;;;;;;;;;;;;;;;;;;;;;;;;;;;;;;;;;;;;;;superadmin;;superadmin;;1
34;1;M20190101080000P613;P613;2;1002;AESP;10;10B002;M20190101080000P613AESP;2019;120191;;6;6;6;6;;;;;0;;120192;;7;7;7;7;;;;;0;;120193;;10;10;10;10;;;;;0;;120194;;9;9;9;9;;;;;0;;;;;;;;;;;;;;;;;;;;;;;;;;;;;;;;;;;;;;;;;;;superadmin;;superadmin;;1
35;1;M20190101080000P613;P613;2;1002;AEVA;10;10B002;M20190101080000P613AEVA;2019;120191;;7;7;7;7;;;;;0;;120192;;10;10;10;10;;;;;0;;120193;;7;7;7;7;;;;;0;;120194;;6;6;6;6;;;;;0;;;;;;;;;;;;;;;;;;;;;;;;;;;;;;;;;;;;;;;;;;;superadmin;;superadmin;;1
36;1;M20190101080000P613;P613;2;1002;AFIL;10;10B002;M20190101080000P613AFIL;2019;120191;;7;7;7;7;;;;;0;;120192;;9;9;9;9;;;;;0;;120193;;9;9;9;9;;;;;0;;120194;;8;8;8;8;;;;;0;;;;;;;;;;;;;;;;;;;;;;;;;;;;;;;;;;;;;;;;;;;superadmin;;superadmin;;1
37;1;M20190101080000P613;P613;2;1002;AFIS;10;10B002;M20190101080000P613AFIS;2019;120191;;6;6;6;6;;;;;0;;120192;;7;7;7;7;;;;;0;;120193;;5;5;5;5;;;;;0;;120194;;6;6;6;6;;;;;0;;;;;;;;;;;;;;;;;;;;;;;;;;;;;;;;;;;;;;;;;;;superadmin;;superadmin;;1
38;1;M20190101080000P613;P613;2;1002;AINF;10;10B002;M20190101080000P613AINF;2019;120191;;5;5;5;5;;;;;0;;120192;;7;7;7;7;;;;;0;;120193;;9;9;9;9;;;;;0;;120194;;5;5;5;5;;;;;0;;;;;;;;;;;;;;;;;;;;;;;;;;;;;;;;;;;;;;;;;;;superadmin;;superadmin;;1
39;1;M20190101080000P613;P613;2;1002;AING;10;10B002;M20190101080000P613AING;2019;120191;;6;6;6;6;;;;;0;;120192;;6;6;6;6;;;;;0;;120193;;6;6;6;6;;;;;0;;120194;;5;5;5;5;;;;;0;;;;;;;;;;;;;;;;;;;;;;;;;;;;;;;;;;;;;;;;;;;superadmin;;superadmin;;1
40;1;M20190101080000P613;P613;2;1002;AMAT;10;10B002;M20190101080000P613AMAT;2019;120191;;7;7;7;7;;;;;0;;120192;;10;10;10;10;;;;;0;;120193;;7;7;7;7;;;;;0;;120194;;10;10;10;10;;;;;0;;;;;;;;;;;;;;;;;;;;;;;;;;;;;;;;;;;;;;;;;;;superadmin;;superadmin;;1
41;1;M20190101080000P613;P613;2;1002;AQU;10;10B002;M20190101080000P613AQU;2019;120191;;10;10;10;10;;;;;0;;120192;;6;6;6;6;;;;;0;;120193;;8;8;8;8;;;;;0;;120194;;9;9;9;9;;;;;0;;;;;;;;;;;;;;;;;;;;;;;;;;;;;;;;;;;;;;;;;;;superadmin;;superadmin;;1
42;1;M20190101080000P613;P613;2;1002;AREL;10;10B002;M20190101080000P613AREL;2019;120191;;7;7;7;7;;;;;0;;120192;;7;7;7;7;;;;;0;;120193;;7;7;7;7;;;;;0;;120194;;10;10;10;10;;;;;0;;;;;;;;;;;;;;;;;;;;;;;;;;;;;;;;;;;;;;;;;;;superadmin;;superadmin;;1
43;1;M20190101080000P614;P614;2;1002;AART;10;10B002;M20190101080000P614AART;2019;120191;;6;6;6;6;;;;;0;;120192;;5;5;5;5;;;;;0;;120193;;7;7;7;7;;;;;0;;120194;;8;8;8;8;;;;;0;;;;;;;;;;;;;;;;;;;;;;;;;;;;;;;;;;;;;;;;;;;superadmin;;superadmin;;1
44;1;M20190101080000P614;P614;2;1002;ACD;10;10B002;M20190101080000P614ACD;2019;120191;;9;9;9;9;;;;;0;;120192;;8;8;8;8;;;;;0;;120193;;5;5;5;5;;;;;0;;120194;;7;7;7;7;;;;;0;;;;;;;;;;;;;;;;;;;;;;;;;;;;;;;;;;;;;;;;;;;superadmin;;superadmin;;1
45;1;M20190101080000P614;P614;2;1002;ADEM;10;10B002;M20190101080000P614ADEM;2019;120191;;9;9;9;9;;;;;0;;120192;;7;7;7;7;;;;;0;;120193;;10;10;10;10;;;;;0;;120194;;7;7;7;7;;;;;0;;;;;;;;;;;;;;;;;;;;;;;;;;;;;;;;;;;;;;;;;;;superadmin;;superadmin;;1
46;1;M20190101080000P614;P614;2;1002;AECO;10;10B002;M20190101080000P614AECO;2019;120191;;7;7;7;7;;;;;0;;120192;;10;10;10;10;;;;;0;;120193;;7;7;7;7;;;;;0;;120194;;8;8;8;8;;;;;0;;;;;;;;;;;;;;;;;;;;;;;;;;;;;;;;;;;;;;;;;;;superadmin;;superadmin;;1
47;1;M20190101080000P614;P614;2;1002;AEFI;10;10B002;M20190101080000P614AEFI;2019;120191;;9;9;9;9;;;;;0;;120192;;8;8;8;8;;;;;0;;120193;;6;6;6;6;;;;;0;;120194;;10;10;10;10;;;;;0;;;;;;;;;;;;;;;;;;;;;;;;;;;;;;;;;;;;;;;;;;;superadmin;;superadmin;;1
48;1;M20190101080000P614;P614;2;1002;AESP;10;10B002;M20190101080000P614AESP;2019;120191;;5;5;5;5;;;;;0;;120192;;10;10;10;10;;;;;0;;120193;;10;10;10;10;;;;;0;;120194;;10;10;10;10;;;;;0;;;;;;;;;;;;;;;;;;;;;;;;;;;;;;;;;;;;;;;;;;;superadmin;;superadmin;;1
49;1;M20190101080000P614;P614;2;1002;AEVA;10;10B002;M20190101080000P614AEVA;2019;120191;;6;6;6;6;;;;;0;;120192;;9;9;9;9;;;;;0;;120193;;8;8;8;8;;;;;0;;120194;;7;7;7;7;;;;;0;;;;;;;;;;;;;;;;;;;;;;;;;;;;;;;;;;;;;;;;;;;superadmin;;superadmin;;1
50;1;M20190101080000P614;P614;2;1002;AFIL;10;10B002;M20190101080000P614AFIL;2019;120191;;8;8;8;8;;;;;0;;120192;;7;7;7;7;;;;;0;;120193;;10;10;10;10;;;;;0;;120194;;7;7;7;7;;;;;0;;;;;;;;;;;;;;;;;;;;;;;;;;;;;;;;;;;;;;;;;;;superadmin;;superadmin;;1
51;1;M20190101080000P614;P614;2;1002;AFIS;10;10B002;M20190101080000P614AFIS;2019;120191;;5;5;5;5;;;;;0;;120192;;5;5;5;5;;;;;0;;120193;;6;6;6;6;;;;;0;;120194;;9;9;9;9;;;;;0;;;;;;;;;;;;;;;;;;;;;;;;;;;;;;;;;;;;;;;;;;;superadmin;;superadmin;;1
52;1;M20190101080000P614;P614;2;1002;AINF;10;10B002;M20190101080000P614AINF;2019;120191;;9;9;9;9;;;;;0;;120192;;5;5;5;5;;;;;0;;120193;;7;7;7;7;;;;;0;;120194;;10;10;10;10;;;;;0;;;;;;;;;;;;;;;;;;;;;;;;;;;;;;;;;;;;;;;;;;;superadmin;;superadmin;;1
53;1;M20190101080000P614;P614;2;1002;AING;10;10B002;M20190101080000P614AING;2019;120191;;7;7;7;7;;;;;0;;120192;;5;5;5;5;;;;;0;;120193;;8;8;8;8;;;;;0;;120194;;9;9;9;9;;;;;0;;;;;;;;;;;;;;;;;;;;;;;;;;;;;;;;;;;;;;;;;;;superadmin;;superadmin;;1
54;1;M20190101080000P614;P614;2;1002;AMAT;10;10B002;M20190101080000P614AMAT;2019;120191;;6;6;6;6;;;;;0;;120192;;9;9;9;9;;;;;0;;120193;;9;9;9;9;;;;;0;;120194;;9;9;9;9;;;;;0;;;;;;;;;;;;;;;;;;;;;;;;;;;;;;;;;;;;;;;;;;;superadmin;;superadmin;;1
55;1;M20190101080000P614;P614;2;1002;AQU;10;10B002;M20190101080000P614AQU;2019;120191;;6;6;6;6;;;;;0;;120192;;7;7;7;7;;;;;0;;120193;;5;5;5;5;;;;;0;;120194;;9;9;9;9;;;;;0;;;;;;;;;;;;;;;;;;;;;;;;;;;;;;;;;;;;;;;;;;;superadmin;;superadmin;;1
56;1;M20190101080000P614;P614;2;1002;AREL;10;10B002;M20190101080000P614AREL;2019;120191;;9;9;9;9;;;;;0;;120192;;5;5;5;5;;;;;0;;120193;;5;5;5;5;;;;;0;;120194;;10;10;10;10;;;;;0;;;;;;;;;;;;;;;;;;;;;;;;;;;;;;;;;;;;;;;;;;;superadmin;;superadmin;;1
57;1;M20190101080000P615;P615;2;1002;AART;10;10B002;M20190101080000P615AART;2019;120191;;5;5;5;5;;;;;0;;120192;;6;6;6;6;;;;;0;;120193;;5;5;5;5;;;;;0;;120194;;9;9;9;9;;;;;0;;;;;;;;;;;;;;;;;;;;;;;;;;;;;;;;;;;;;;;;;;;superadmin;;superadmin;;1
58;1;M20190101080000P615;P615;2;1002;ACD;10;10B002;M20190101080000P615ACD;2019;120191;;9;9;9;9;;;;;0;;120192;;7;7;7;7;;;;;0;;120193;;8;8;8;8;;;;;0;;120194;;10;10;10;10;;;;;0;;;;;;;;;;;;;;;;;;;;;;;;;;;;;;;;;;;;;;;;;;;superadmin;;superadmin;;1
59;1;M20190101080000P615;P615;2;1002;ADEM;10;10B002;M20190101080000P615ADEM;2019;120191;;9;9;9;9;;;;;0;;120192;;7;7;7;7;;;;;0;;120193;;10;10;10;10;;;;;0;;120194;;6;6;6;6;;;;;0;;;;;;;;;;;;;;;;;;;;;;;;;;;;;;;;;;;;;;;;;;;superadmin;;superadmin;;1
60;1;M20190101080000P615;P615;2;1002;AECO;10;10B002;M20190101080000P615AECO;2019;120191;;6;6;6;6;;;;;0;;120192;;8;8;8;8;;;;;0;;120193;;10;10;10;10;;;;;0;;120194;;5;5;5;5;;;;;0;;;;;;;;;;;;;;;;;;;;;;;;;;;;;;;;;;;;;;;;;;;superadmin;;superadmin;;1
61;1;M20190101080000P615;P615;2;1002;AEFI;10;10B002;M20190101080000P615AEFI;2019;120191;;10;10;10;10;;;;;0;;120192;;9;9;9;9;;;;;0;;120193;;8;8;8;8;;;;;0;;120194;;10;10;10;10;;;;;0;;;;;;;;;;;;;;;;;;;;;;;;;;;;;;;;;;;;;;;;;;;superadmin;;superadmin;;1
62;1;M20190101080000P615;P615;2;1002;AESP;10;10B002;M20190101080000P615AESP;2019;120191;;8;8;8;8;;;;;0;;120192;;5;5;5;5;;;;;0;;120193;;10;10;10;10;;;;;0;;120194;;8;8;8;8;;;;;0;;;;;;;;;;;;;;;;;;;;;;;;;;;;;;;;;;;;;;;;;;;superadmin;;superadmin;;1
63;1;M20190101080000P615;P615;2;1002;AEVA;10;10B002;M20190101080000P615AEVA;2019;120191;;5;5;5;5;;;;;0;;120192;;9;9;9;9;;;;;0;;120193;;6;6;6;6;;;;;0;;120194;;8;8;8;8;;;;;0;;;;;;;;;;;;;;;;;;;;;;;;;;;;;;;;;;;;;;;;;;;superadmin;;superadmin;;1
64;1;M20190101080000P615;P615;2;1002;AFIL;10;10B002;M20190101080000P615AFIL;2019;120191;;6;6;6;6;;;;;0;;120192;;9;9;9;9;;;;;0;;120193;;7;7;7;7;;;;;0;;120194;;10;10;10;10;;;;;0;;;;;;;;;;;;;;;;;;;;;;;;;;;;;;;;;;;;;;;;;;;superadmin;;superadmin;;1
65;1;M20190101080000P615;P615;2;1002;AFIS;10;10B002;M20190101080000P615AFIS;2019;120191;;9;9;9;9;;;;;0;;120192;;6;6;6;6;;;;;0;;120193;;7;7;7;7;;;;;0;;120194;;8;8;8;8;;;;;0;;;;;;;;;;;;;;;;;;;;;;;;;;;;;;;;;;;;;;;;;;;superadmin;;superadmin;;1
66;1;M20190101080000P615;P615;2;1002;AINF;10;10B002;M20190101080000P615AINF;2019;120191;;5;5;5;5;;;;;0;;120192;;6;6;6;6;;;;;0;;120193;;9;9;9;9;;;;;0;;120194;;7;7;7;7;;;;;0;;;;;;;;;;;;;;;;;;;;;;;;;;;;;;;;;;;;;;;;;;;superadmin;;superadmin;;1
67;1;M20190101080000P615;P615;2;1002;AING;10;10B002;M20190101080000P615AING;2019;120191;;9;9;9;9;;;;;0;;120192;;5;5;5;5;;;;;0;;120193;;10;10;10;10;;;;;0;;120194;;8;8;8;8;;;;;0;;;;;;;;;;;;;;;;;;;;;;;;;;;;;;;;;;;;;;;;;;;superadmin;;superadmin;;1
68;1;M20190101080000P615;P615;2;1002;AMAT;10;10B002;M20190101080000P615AMAT;2019;120191;;8;8;8;8;;;;;0;;120192;;8;8;8;8;;;;;0;;120193;;9;9;9;9;;;;;0;;120194;;9;9;9;9;;;;;0;;;;;;;;;;;;;;;;;;;;;;;;;;;;;;;;;;;;;;;;;;;superadmin;;superadmin;;1
69;1;M20190101080000P615;P615;2;1002;AQU;10;10B002;M20190101080000P615AQU;2019;120191;;9;9;9;9;;;;;0;;120192;;7;7;7;7;;;;;0;;120193;;8;8;8;8;;;;;0;;120194;;10;10;10;10;;;;;0;;;;;;;;;;;;;;;;;;;;;;;;;;;;;;;;;;;;;;;;;;;superadmin;;superadmin;;1
70;1;M20190101080000P615;P615;2;1002;AREL;10;10B002;M20190101080000P615AREL;2019;120191;;10;10;10;10;;;;;0;;120192;;7;7;7;7;;;;;0;;120193;;9;9;9;9;;;;;0;;120194;;9;9;9;9;;;;;0;;;;;;;;;;;;;;;;;;;;;;;;;;;;;;;;;;;;;;;;;;;superadmin;;superadmin;;1
71;1;M20190101080000P616;P616;2;1002;AART;10;10B002;M20190101080000P616AART;2019;120191;;9;9;9;9;;;;;0;;120192;;9;9;9;9;;;;;0;;120193;;10;10;10;10;;;;;0;;120194;;9;9;9;9;;;;;0;;;;;;;;;;;;;;;;;;;;;;;;;;;;;;;;;;;;;;;;;;;superadmin;;superadmin;;1
72;1;M20190101080000P616;P616;2;1002;ACD;10;10B002;M20190101080000P616ACD;2019;120191;;5;5;5;5;;;;;0;;120192;;10;10;10;10;;;;;0;;120193;;7;7;7;7;;;;;0;;120194;;9;9;9;9;;;;;0;;;;;;;;;;;;;;;;;;;;;;;;;;;;;;;;;;;;;;;;;;;superadmin;;superadmin;;1
73;1;M20190101080000P616;P616;2;1002;ADEM;10;10B002;M20190101080000P616ADEM;2019;120191;;6;6;6;6;;;;;0;;120192;;8;8;8;8;;;;;0;;120193;;5;5;5;5;;;;;0;;120194;;6;6;6;6;;;;;0;;;;;;;;;;;;;;;;;;;;;;;;;;;;;;;;;;;;;;;;;;;superadmin;;superadmin;;1
74;1;M20190101080000P616;P616;2;1002;AECO;10;10B002;M20190101080000P616AECO;2019;120191;;10;10;10;10;;;;;0;;120192;;9;9;9;9;;;;;0;;120193;;5;5;5;5;;;;;0;;120194;;8;8;8;8;;;;;0;;;;;;;;;;;;;;;;;;;;;;;;;;;;;;;;;;;;;;;;;;;superadmin;;superadmin;;1
75;1;M20190101080000P616;P616;2;1002;AEFI;10;10B002;M20190101080000P616AEFI;2019;120191;;10;10;10;10;;;;;0;;120192;;10;10;10;10;;;;;0;;120193;;8;8;8;8;;;;;0;;120194;;7;7;7;7;;;;;0;;;;;;;;;;;;;;;;;;;;;;;;;;;;;;;;;;;;;;;;;;;superadmin;;superadmin;;1
76;1;M20190101080000P616;P616;2;1002;AESP;10;10B002;M20190101080000P616AESP;2019;120191;;7;7;7;7;;;;;0;;120192;;9;9;9;9;;;;;0;;120193;;6;6;6;6;;;;;0;;120194;;8;8;8;8;;;;;0;;;;;;;;;;;;;;;;;;;;;;;;;;;;;;;;;;;;;;;;;;;superadmin;;superadmin;;1
77;1;M20190101080000P616;P616;2;1002;AEVA;10;10B002;M20190101080000P616AEVA;2019;120191;;8;8;8;8;;;;;0;;120192;;6;6;6;6;;;;;0;;120193;;9;9;9;9;;;;;0;;120194;;6;6;6;6;;;;;0;;;;;;;;;;;;;;;;;;;;;;;;;;;;;;;;;;;;;;;;;;;superadmin;;superadmin;;1
78;1;M20190101080000P616;P616;2;1002;AFIL;10;10B002;M20190101080000P616AFIL;2019;120191;;6;6;6;6;;;;;0;;120192;;6;6;6;6;;;;;0;;120193;;10;10;10;10;;;;;0;;120194;;7;7;7;7;;;;;0;;;;;;;;;;;;;;;;;;;;;;;;;;;;;;;;;;;;;;;;;;;superadmin;;superadmin;;1
79;1;M20190101080000P616;P616;2;1002;AFIS;10;10B002;M20190101080000P616AFIS;2019;120191;;10;10;10;10;;;;;0;;120192;;10;10;10;10;;;;;0;;120193;;5;5;5;5;;;;;0;;120194;;9;9;9;9;;;;;0;;;;;;;;;;;;;;;;;;;;;;;;;;;;;;;;;;;;;;;;;;;superadmin;;superadmin;;1
80;1;M20190101080000P616;P616;2;1002;AINF;10;10B002;M20190101080000P616AINF;2019;120191;;10;10;10;10;;;;;0;;120192;;9;9;9;9;;;;;0;;120193;;5;5;5;5;;;;;0;;120194;;10;10;10;10;;;;;0;;;;;;;;;;;;;;;;;;;;;;;;;;;;;;;;;;;;;;;;;;;superadmin;;superadmin;;1
81;1;M20190101080000P616;P616;2;1002;AING;10;10B002;M20190101080000P616AING;2019;120191;;5;5;5;5;;;;;0;;120192;;7;7;7;7;;;;;0;;120193;;10;10;10;10;;;;;0;;120194;;8;8;8;8;;;;;0;;;;;;;;;;;;;;;;;;;;;;;;;;;;;;;;;;;;;;;;;;;superadmin;;superadmin;;1
82;1;M20190101080000P616;P616;2;1002;AMAT;10;10B002;M20190101080000P616AMAT;2019;120191;;8;8;8;8;;;;;0;;120192;;6;6;6;6;;;;;0;;120193;;6;6;6;6;;;;;0;;120194;;9;9;9;9;;;;;0;;;;;;;;;;;;;;;;;;;;;;;;;;;;;;;;;;;;;;;;;;;superadmin;;superadmin;;1
83;1;M20190101080000P616;P616;2;1002;AQU;10;10B002;M20190101080000P616AQU;2019;120191;;7;7;7;7;;;;;0;;120192;;7;7;7;7;;;;;0;;120193;;9;9;9;9;;;;;0;;120194;;8;8;8;8;;;;;0;;;;;;;;;;;;;;;;;;;;;;;;;;;;;;;;;;;;;;;;;;;superadmin;;superadmin;;1
84;1;M20190101080000P616;P616;2;1002;AREL;10;10B002;M20190101080000P616AREL;2019;120191;;7;7;7;7;;;;;0;;120192;;10;10;10;10;;;;;0;;120193;;5;5;5;5;;;;;0;;120194;;9;9;9;9;;;;;0;;;;;;;;;;;;;;;;;;;;;;;;;;;;;;;;;;;;;;;;;;;superadmin;;superadmin;;1
85;1;M20190101080000P617;P617;2;1002;AART;10;10B002;M20190101080000P617AART;2019;120191;;9;9;9;9;;;;;0;;120192;;9;9;9;9;;;;;0;;120193;;9;9;9;9;;;;;0;;120194;;10;10;10;10;;;;;0;;;;;;;;;;;;;;;;;;;;;;;;;;;;;;;;;;;;;;;;;;;superadmin;;superadmin;;1
86;1;M20190101080000P617;P617;2;1002;ACD;10;10B002;M20190101080000P617ACD;2019;120191;;5;5;5;5;;;;;0;;120192;;7;7;7;7;;;;;0;;120193;;10;10;10;10;;;;;0;;120194;;9;9;9;9;;;;;0;;;;;;;;;;;;;;;;;;;;;;;;;;;;;;;;;;;;;;;;;;;superadmin;;superadmin;;1
87;1;M20190101080000P617;P617;2;1002;ADEM;10;10B002;M20190101080000P617ADEM;2019;120191;;5;5;5;5;;;;;0;;120192;;7;7;7;7;;;;;0;;120193;;9;9;9;9;;;;;0;;120194;;8;8;8;8;;;;;0;;;;;;;;;;;;;;;;;;;;;;;;;;;;;;;;;;;;;;;;;;;superadmin;;superadmin;;1
88;1;M20190101080000P617;P617;2;1002;AECO;10;10B002;M20190101080000P617AECO;2019;120191;;6;6;6;6;;;;;0;;120192;;5;5;5;5;;;;;0;;120193;;6;6;6;6;;;;;0;;120194;;9;9;9;9;;;;;0;;;;;;;;;;;;;;;;;;;;;;;;;;;;;;;;;;;;;;;;;;;superadmin;;superadmin;;1
89;1;M20190101080000P617;P617;2;1002;AEFI;10;10B002;M20190101080000P617AEFI;2019;120191;;10;10;10;10;;;;;0;;120192;;6;6;6;6;;;;;0;;120193;;9;9;9;9;;;;;0;;120194;;8;8;8;8;;;;;0;;;;;;;;;;;;;;;;;;;;;;;;;;;;;;;;;;;;;;;;;;;superadmin;;superadmin;;1
90;1;M20190101080000P617;P617;2;1002;AESP;10;10B002;M20190101080000P617AESP;2019;120191;;8;8;8;8;;;;;0;;120192;;10;10;10;10;;;;;0;;120193;;5;5;5;5;;;;;0;;120194;;9;9;9;9;;;;;0;;;;;;;;;;;;;;;;;;;;;;;;;;;;;;;;;;;;;;;;;;;superadmin;;superadmin;;1
91;1;M20190101080000P617;P617;2;1002;AEVA;10;10B002;M20190101080000P617AEVA;2019;120191;;9;9;9;9;;;;;0;;120192;;5;5;5;5;;;;;0;;120193;;6;6;6;6;;;;;0;;120194;;7;7;7;7;;;;;0;;;;;;;;;;;;;;;;;;;;;;;;;;;;;;;;;;;;;;;;;;;superadmin;;superadmin;;1
92;1;M20190101080000P617;P617;2;1002;AFIL;10;10B002;M20190101080000P617AFIL;2019;120191;;7;7;7;7;;;;;0;;120192;;7;7;7;7;;;;;0;;120193;;7;7;7;7;;;;;0;;120194;;10;10;10;10;;;;;0;;;;;;;;;;;;;;;;;;;;;;;;;;;;;;;;;;;;;;;;;;;superadmin;;superadmin;;1
93;1;M20190101080000P617;P617;2;1002;AFIS;10;10B002;M20190101080000P617AFIS;2019;120191;;10;10;10;10;;;;;0;;120192;;10;10;10;10;;;;;0;;120193;;7;7;7;7;;;;;0;;120194;;5;5;5;5;;;;;0;;;;;;;;;;;;;;;;;;;;;;;;;;;;;;;;;;;;;;;;;;;superadmin;;superadmin;;1
94;1;M20190101080000P617;P617;2;1002;AINF;10;10B002;M20190101080000P617AINF;2019;120191;;6;6;6;6;;;;;0;;120192;;6;6;6;6;;;;;0;;120193;;9;9;9;9;;;;;0;;120194;;7;7;7;7;;;;;0;;;;;;;;;;;;;;;;;;;;;;;;;;;;;;;;;;;;;;;;;;;superadmin;;superadmin;;1
95;1;M20190101080000P617;P617;2;1002;AING;10;10B002;M20190101080000P617AING;2019;120191;;6;6;6;6;;;;;0;;120192;;7;7;7;7;;;;;0;;120193;;8;8;8;8;;;;;0;;120194;;8;8;8;8;;;;;0;;;;;;;;;;;;;;;;;;;;;;;;;;;;;;;;;;;;;;;;;;;superadmin;;superadmin;;1
96;1;M20190101080000P617;P617;2;1002;AMAT;10;10B002;M20190101080000P617AMAT;2019;120191;;7;7;7;7;;;;;0;;120192;;5;5;5;5;;;;;0;;120193;;7;7;7;7;;;;;0;;120194;;7;7;7;7;;;;;0;;;;;;;;;;;;;;;;;;;;;;;;;;;;;;;;;;;;;;;;;;;superadmin;;superadmin;;1
97;1;M20190101080000P617;P617;2;1002;AQU;10;10B002;M20190101080000P617AQU;2019;120191;;9;9;9;9;;;;;0;;120192;;10;10;10;10;;;;;0;;120193;;10;10;10;10;;;;;0;;120194;;8;8;8;8;;;;;0;;;;;;;;;;;;;;;;;;;;;;;;;;;;;;;;;;;;;;;;;;;superadmin;;superadmin;;1
98;1;M20190101080000P617;P617;2;1002;AREL;10;10B002;M20190101080000P617AREL;2019;120191;;8;8;8;8;;;;;0;;120192;;8;8;8;8;;;;;0;;120193;;7;7;7;7;;;;;0;;120194;;7;7;7;7;;;;;0;;;;;;;;;;;;;;;;;;;;;;;;;;;;;;;;;;;;;;;;;;;superadmin;;superadmin;;1
99;1;M20190101080000P618;P618;2;1002;AART;10;10B002;M20190101080000P618AART;2019;120191;;5;5;5;5;;;;;0;;120192;;7;7;7;7;;;;;0;;120193;;9;9;9;9;;;;;0;;120194;;6;6;6;6;;;;;0;;;;;;;;;;;;;;;;;;;;;;;;;;;;;;;;;;;;;;;;;;;superadmin;;superadmin;;1
100;1;M20190101080000P618;P618;2;1002;ACD;10;10B002;M20190101080000P618ACD;2019;120191;;5;5;5;5;;;;;0;;120192;;10;10;10;10;;;;;0;;120193;;9;9;9;9;;;;;0;;120194;;10;10;10;10;;;;;0;;;;;;;;;;;;;;;;;;;;;;;;;;;;;;;;;;;;;;;;;;;superadmin;;superadmin;;1
101;1;M20190101080000P618;P618;2;1002;ADEM;10;10B002;M20190101080000P618ADEM;2019;120191;;9;9;9;9;;;;;0;;120192;;8;8;8;8;;;;;0;;120193;;5;5;5;5;;;;;0;;120194;;7;7;7;7;;;;;0;;;;;;;;;;;;;;;;;;;;;;;;;;;;;;;;;;;;;;;;;;;superadmin;;superadmin;;1
102;1;M20190101080000P618;P618;2;1002;AECO;10;10B002;M20190101080000P618AECO;2019;120191;;8;8;8;8;;;;;0;;120192;;10;10;10;10;;;;;0;;120193;;8;8;8;8;;;;;0;;120194;;9;9;9;9;;;;;0;;;;;;;;;;;;;;;;;;;;;;;;;;;;;;;;;;;;;;;;;;;superadmin;;superadmin;;1
103;1;M20190101080000P618;P618;2;1002;AEFI;10;10B002;M20190101080000P618AEFI;2019;120191;;5;5;5;5;;;;;0;;120192;;6;6;6;6;;;;;0;;120193;;10;10;10;10;;;;;0;;120194;;6;6;6;6;;;;;0;;;;;;;;;;;;;;;;;;;;;;;;;;;;;;;;;;;;;;;;;;;superadmin;;superadmin;;1
104;1;M20190101080000P618;P618;2;1002;AESP;10;10B002;M20190101080000P618AESP;2019;120191;;5;5;5;5;;;;;0;;120192;;6;6;6;6;;;;;0;;120193;;8;8;8;8;;;;;0;;120194;;8;8;8;8;;;;;0;;;;;;;;;;;;;;;;;;;;;;;;;;;;;;;;;;;;;;;;;;;superadmin;;superadmin;;1
105;1;M20190101080000P618;P618;2;1002;AEVA;10;10B002;M20190101080000P618AEVA;2019;120191;;7;7;7;7;;;;;0;;120192;;5;5;5;5;;;;;0;;120193;;6;6;6;6;;;;;0;;120194;;5;5;5;5;;;;;0;;;;;;;;;;;;;;;;;;;;;;;;;;;;;;;;;;;;;;;;;;;superadmin;;superadmin;;1
106;1;M20190101080000P618;P618;2;1002;AFIL;10;10B002;M20190101080000P618AFIL;2019;120191;;10;10;10;10;;;;;0;;120192;;10;10;10;10;;;;;0;;120193;;10;10;10;10;;;;;0;;120194;;10;10;10;10;;;;;0;;;;;;;;;;;;;;;;;;;;;;;;;;;;;;;;;;;;;;;;;;;superadmin;;superadmin;;1
107;1;M20190101080000P618;P618;2;1002;AFIS;10;10B002;M20190101080000P618AFIS;2019;120191;;5;5;5;5;;;;;0;;120192;;8;8;8;8;;;;;0;;120193;;6;6;6;6;;;;;0;;120194;;8;8;8;8;;;;;0;;;;;;;;;;;;;;;;;;;;;;;;;;;;;;;;;;;;;;;;;;;superadmin;;superadmin;;1
108;1;M20190101080000P618;P618;2;1002;AINF;10;10B002;M20190101080000P618AINF;2019;120191;;8;8;8;8;;;;;0;;120192;;10;10;10;10;;;;;0;;120193;;6;6;6;6;;;;;0;;120194;;10;10;10;10;;;;;0;;;;;;;;;;;;;;;;;;;;;;;;;;;;;;;;;;;;;;;;;;;superadmin;;superadmin;;1
109;1;M20190101080000P618;P618;2;1002;AING;10;10B002;M20190101080000P618AING;2019;120191;;10;10;10;10;;;;;0;;120192;;7;7;7;7;;;;;0;;120193;;7;7;7;7;;;;;0;;120194;;10;10;10;10;;;;;0;;;;;;;;;;;;;;;;;;;;;;;;;;;;;;;;;;;;;;;;;;;superadmin;;superadmin;;1
110;1;M20190101080000P618;P618;2;1002;AMAT;10;10B002;M20190101080000P618AMAT;2019;120191;;10;10;10;10;;;;;0;;120192;;8;8;8;8;;;;;0;;120193;;5;5;5;5;;;;;0;;120194;;9;9;9;9;;;;;0;;;;;;;;;;;;;;;;;;;;;;;;;;;;;;;;;;;;;;;;;;;superadmin;;superadmin;;1
111;1;M20190101080000P618;P618;2;1002;AQU;10;10B002;M20190101080000P618AQU;2019;120191;;9;9;9;9;;;;;0;;120192;;9;9;9;9;;;;;0;;120193;;8;8;8;8;;;;;0;;120194;;6;6;6;6;;;;;0;;;;;;;;;;;;;;;;;;;;;;;;;;;;;;;;;;;;;;;;;;;superadmin;;superadmin;;1
112;1;M20190101080000P618;P618;2;1002;AREL;10;10B002;M20190101080000P618AREL;2019;120191;;8;8;8;8;;;;;0;;120192;;8;8;8;8;;;;;0;;120193;;9;9;9;9;;;;;0;;120194;;5;5;5;5;;;;;0;;;;;;;;;;;;;;;;;;;;;;;;;;;;;;;;;;;;;;;;;;;superadmin;;superadmin;;1
113;1;M20190101080000P619;P619;2;1002;AART;10;10B002;M20190101080000P619AART;2019;120191;;10;10;10;10;;;;;0;;120192;;10;10;10;10;;;;;0;;120193;;6;6;6;6;;;;;0;;120194;;10;10;10;10;;;;;0;;;;;;;;;;;;;;;;;;;;;;;;;;;;;;;;;;;;;;;;;;;superadmin;;superadmin;;1
114;1;M20190101080000P619;P619;2;1002;ACD;10;10B002;M20190101080000P619ACD;2019;120191;;9;9;9;9;;;;;0;;120192;;8;8;8;8;;;;;0;;120193;;8;8;8;8;;;;;0;;120194;;7;7;7;7;;;;;0;;;;;;;;;;;;;;;;;;;;;;;;;;;;;;;;;;;;;;;;;;;superadmin;;superadmin;;1
115;1;M20190101080000P619;P619;2;1002;ADEM;10;10B002;M20190101080000P619ADEM;2019;120191;;6;6;6;6;;;;;0;;120192;;7;7;7;7;;;;;0;;120193;;5;5;5;5;;;;;0;;120194;;7;7;7;7;;;;;0;;;;;;;;;;;;;;;;;;;;;;;;;;;;;;;;;;;;;;;;;;;superadmin;;superadmin;;1
116;1;M20190101080000P619;P619;2;1002;AECO;10;10B002;M20190101080000P619AECO;2019;120191;;9;9;9;9;;;;;0;;120192;;7;7;7;7;;;;;0;;120193;;8;8;8;8;;;;;0;;120194;;9;9;9;9;;;;;0;;;;;;;;;;;;;;;;;;;;;;;;;;;;;;;;;;;;;;;;;;;superadmin;;superadmin;;1
117;1;M20190101080000P619;P619;2;1002;AEFI;10;10B002;M20190101080000P619AEFI;2019;120191;;8;8;8;8;;;;;0;;120192;;7;7;7;7;;;;;0;;120193;;9;9;9;9;;;;;0;;120194;;6;6;6;6;;;;;0;;;;;;;;;;;;;;;;;;;;;;;;;;;;;;;;;;;;;;;;;;;superadmin;;superadmin;;1
118;1;M20190101080000P619;P619;2;1002;AESP;10;10B002;M20190101080000P619AESP;2019;120191;;8;8;8;8;;;;;0;;120192;;8;8;8;8;;;;;0;;120193;;7;7;7;7;;;;;0;;120194;;10;10;10;10;;;;;0;;;;;;;;;;;;;;;;;;;;;;;;;;;;;;;;;;;;;;;;;;;superadmin;;superadmin;;1
119;1;M20190101080000P619;P619;2;1002;AEVA;10;10B002;M20190101080000P619AEVA;2019;120191;;8;8;8;8;;;;;0;;120192;;7;7;7;7;;;;;0;;120193;;7;7;7;7;;;;;0;;120194;;8;8;8;8;;;;;0;;;;;;;;;;;;;;;;;;;;;;;;;;;;;;;;;;;;;;;;;;;superadmin;;superadmin;;1
120;1;M20190101080000P619;P619;2;1002;AFIL;10;10B002;M20190101080000P619AFIL;2019;120191;;9;9;9;9;;;;;0;;120192;;7;7;7;7;;;;;0;;120193;;6;6;6;6;;;;;0;;120194;;8;8;8;8;;;;;0;;;;;;;;;;;;;;;;;;;;;;;;;;;;;;;;;;;;;;;;;;;superadmin;;superadmin;;1
121;1;M20190101080000P619;P619;2;1002;AFIS;10;10B002;M20190101080000P619AFIS;2019;120191;;10;10;10;10;;;;;0;;120192;;8;8;8;8;;;;;0;;120193;;5;5;5;5;;;;;0;;120194;;9;9;9;9;;;;;0;;;;;;;;;;;;;;;;;;;;;;;;;;;;;;;;;;;;;;;;;;;superadmin;;superadmin;;1
122;1;M20190101080000P619;P619;2;1002;AINF;10;10B002;M20190101080000P619AINF;2019;120191;;8;8;8;8;;;;;0;;120192;;5;5;5;5;;;;;0;;120193;;9;9;9;9;;;;;0;;120194;;9;9;9;9;;;;;0;;;;;;;;;;;;;;;;;;;;;;;;;;;;;;;;;;;;;;;;;;;superadmin;;superadmin;;1
123;1;M20190101080000P619;P619;2;1002;AING;10;10B002;M20190101080000P619AING;2019;120191;;10;10;10;10;;;;;0;;120192;;8;8;8;8;;;;;0;;120193;;10;10;10;10;;;;;0;;120194;;6;6;6;6;;;;;0;;;;;;;;;;;;;;;;;;;;;;;;;;;;;;;;;;;;;;;;;;;superadmin;;superadmin;;1
124;1;M20190101080000P619;P619;2;1002;AMAT;10;10B002;M20190101080000P619AMAT;2019;120191;;7;7;7;7;;;;;0;;120192;;6;6;6;6;;;;;0;;120193;;6;6;6;6;;;;;0;;120194;;5;5;5;5;;;;;0;;;;;;;;;;;;;;;;;;;;;;;;;;;;;;;;;;;;;;;;;;;superadmin;;superadmin;;1
125;1;M20190101080000P619;P619;2;1002;AQU;10;10B002;M20190101080000P619AQU;2019;120191;;5;5;5;5;;;;;0;;120192;;10;10;10;10;;;;;0;;120193;;9;9;9;9;;;;;0;;120194;;7;7;7;7;;;;;0;;;;;;;;;;;;;;;;;;;;;;;;;;;;;;;;;;;;;;;;;;;superadmin;;superadmin;;1
126;1;M20190101080000P619;P619;2;1002;AREL;10;10B002;M20190101080000P619AREL;2019;120191;;5;5;5;5;;;;;0;;120192;;8;8;8;8;;;;;0;;120193;;10;10;10;10;;;;;0;;120194;;6;6;6;6;;;;;0;;;;;;;;;;;;;;;;;;;;;;;;;;;;;;;;;;;;;;;;;;;superadmin;;superadmin;;1
127;1;M20190101080000P620;P620;2;1002;AART;10;10B002;M20190101080000P620AART;2019;120191;;8;8;8;8;;;;;0;;120192;;8;8;8;8;;;;;0;;120193;;7;7;7;7;;;;;0;;120194;;7;7;7;7;;;;;0;;;;;;;;;;;;;;;;;;;;;;;;;;;;;;;;;;;;;;;;;;;superadmin;;superadmin;;1
128;1;M20190101080000P620;P620;2;1002;ACD;10;10B002;M20190101080000P620ACD;2019;120191;;5;5;5;5;;;;;0;;120192;;6;6;6;6;;;;;0;;120193;;7;7;7;7;;;;;0;;120194;;8;8;8;8;;;;;0;;;;;;;;;;;;;;;;;;;;;;;;;;;;;;;;;;;;;;;;;;;superadmin;;superadmin;;1
129;1;M20190101080000P620;P620;2;1002;ADEM;10;10B002;M20190101080000P620ADEM;2019;120191;;5;5;5;5;;;;;0;;120192;;7;7;7;7;;;;;0;;120193;;10;10;10;10;;;;;0;;120194;;5;5;5;5;;;;;0;;;;;;;;;;;;;;;;;;;;;;;;;;;;;;;;;;;;;;;;;;;superadmin;;superadmin;;1
130;1;M20190101080000P620;P620;2;1002;AECO;10;10B002;M20190101080000P620AECO;2019;120191;;5;5;5;5;;;;;0;;120192;;9;9;9;9;;;;;0;;120193;;7;7;7;7;;;;;0;;120194;;10;10;10;10;;;;;0;;;;;;;;;;;;;;;;;;;;;;;;;;;;;;;;;;;;;;;;;;;superadmin;;superadmin;;1
131;1;M20190101080000P620;P620;2;1002;AEFI;10;10B002;M20190101080000P620AEFI;2019;120191;;8;8;8;8;;;;;0;;120192;;5;5;5;5;;;;;0;;120193;;6;6;6;6;;;;;0;;120194;;8;8;8;8;;;;;0;;;;;;;;;;;;;;;;;;;;;;;;;;;;;;;;;;;;;;;;;;;superadmin;;superadmin;;1
132;1;M20190101080000P620;P620;2;1002;AESP;10;10B002;M20190101080000P620AESP;2019;120191;;7;7;7;7;;;;;0;;120192;;8;8;8;8;;;;;0;;120193;;10;10;10;10;;;;;0;;120194;;7;7;7;7;;;;;0;;;;;;;;;;;;;;;;;;;;;;;;;;;;;;;;;;;;;;;;;;;superadmin;;superadmin;;1
133;1;M20190101080000P620;P620;2;1002;AEVA;10;10B002;M20190101080000P620AEVA;2019;120191;;9;9;9;9;;;;;0;;120192;;10;10;10;10;;;;;0;;120193;;5;5;5;5;;;;;0;;120194;;10;10;10;10;;;;;0;;;;;;;;;;;;;;;;;;;;;;;;;;;;;;;;;;;;;;;;;;;superadmin;;superadmin;;1
134;1;M20190101080000P620;P620;2;1002;AFIL;10;10B002;M20190101080000P620AFIL;2019;120191;;10;10;10;10;;;;;0;;120192;;9;9;9;9;;;;;0;;120193;;9;9;9;9;;;;;0;;120194;;7;7;7;7;;;;;0;;;;;;;;;;;;;;;;;;;;;;;;;;;;;;;;;;;;;;;;;;;superadmin;;superadmin;;1
135;1;M20190101080000P620;P620;2;1002;AFIS;10;10B002;M20190101080000P620AFIS;2019;120191;;5;5;5;5;;;;;0;;120192;;8;8;8;8;;;;;0;;120193;;8;8;8;8;;;;;0;;120194;;7;7;7;7;;;;;0;;;;;;;;;;;;;;;;;;;;;;;;;;;;;;;;;;;;;;;;;;;superadmin;;superadmin;;1
136;1;M20190101080000P620;P620;2;1002;AINF;10;10B002;M20190101080000P620AINF;2019;120191;;7;7;7;7;;;;;0;;120192;;8;8;8;8;;;;;0;;120193;;9;9;9;9;;;;;0;;120194;;7;7;7;7;;;;;0;;;;;;;;;;;;;;;;;;;;;;;;;;;;;;;;;;;;;;;;;;;superadmin;;superadmin;;1
137;1;M20190101080000P620;P620;2;1002;AING;10;10B002;M20190101080000P620AING;2019;120191;;9;9;9;9;;;;;0;;120192;;9;9;9;9;;;;;0;;120193;;8;8;8;8;;;;;0;;120194;;7;7;7;7;;;;;0;;;;;;;;;;;;;;;;;;;;;;;;;;;;;;;;;;;;;;;;;;;superadmin;;superadmin;;1
138;1;M20190101080000P620;P620;2;1002;AMAT;10;10B002;M20190101080000P620AMAT;2019;120191;;5;5;5;5;;;;;0;;120192;;9;9;9;9;;;;;0;;120193;;7;7;7;7;;;;;0;;120194;;5;5;5;5;;;;;0;;;;;;;;;;;;;;;;;;;;;;;;;;;;;;;;;;;;;;;;;;;superadmin;;superadmin;;1
139;1;M20190101080000P620;P620;2;1002;AQU;10;10B002;M20190101080000P620AQU;2019;120191;;8;8;8;8;;;;;0;;120192;;6;6;6;6;;;;;0;;120193;;7;7;7;7;;;;;0;;120194;;8;8;8;8;;;;;0;;;;;;;;;;;;;;;;;;;;;;;;;;;;;;;;;;;;;;;;;;;superadmin;;superadmin;;1
140;1;M20190101080000P620;P620;2;1002;AREL;10;10B002;M20190101080000P620AREL;2019;120191;;10;10;10;10;;;;;0;;120192;;8;8;8;8;;;;;0;;120193;;10;10;10;10;;;;;0;;120194;;6;6;6;6;;;;;0;;;;;;;;;;;;;;;;;;;;;;;;;;;;;;;;;;;;;;;;;;;superadmin;;superadmin;;1
141;1;M20190101080000P621;P621;2;1002;AART;10;10B002;M20190101080000P621AART;2019;120191;;5;5;5;5;;;;;0;;120192;;6;6;6;6;;;;;0;;120193;;10;10;10;10;;;;;0;;120194;;8;8;8;8;;;;;0;;;;;;;;;;;;;;;;;;;;;;;;;;;;;;;;;;;;;;;;;;;superadmin;;superadmin;;1
142;1;M20190101080000P621;P621;2;1002;ACD;10;10B002;M20190101080000P621ACD;2019;120191;;7;7;7;7;;;;;0;;120192;;5;5;5;5;;;;;0;;120193;;8;8;8;8;;;;;0;;120194;;10;10;10;10;;;;;0;;;;;;;;;;;;;;;;;;;;;;;;;;;;;;;;;;;;;;;;;;;superadmin;;superadmin;;1
143;1;M20190101080000P621;P621;2;1002;ADEM;10;10B002;M20190101080000P621ADEM;2019;120191;;5;5;5;5;;;;;0;;120192;;10;10;10;10;;;;;0;;120193;;5;5;5;5;;;;;0;;120194;;5;5;5;5;;;;;0;;;;;;;;;;;;;;;;;;;;;;;;;;;;;;;;;;;;;;;;;;;superadmin;;superadmin;;1
144;1;M20190101080000P621;P621;2;1002;AECO;10;10B002;M20190101080000P621AECO;2019;120191;;10;10;10;10;;;;;0;;120192;;6;6;6;6;;;;;0;;120193;;8;8;8;8;;;;;0;;120194;;6;6;6;6;;;;;0;;;;;;;;;;;;;;;;;;;;;;;;;;;;;;;;;;;;;;;;;;;superadmin;;superadmin;;1
145;1;M20190101080000P621;P621;2;1002;AEFI;10;10B002;M20190101080000P621AEFI;2019;120191;;5;5;5;5;;;;;0;;120192;;5;5;5;5;;;;;0;;120193;;6;6;6;6;;;;;0;;120194;;10;10;10;10;;;;;0;;;;;;;;;;;;;;;;;;;;;;;;;;;;;;;;;;;;;;;;;;;superadmin;;superadmin;;1
146;1;M20190101080000P621;P621;2;1002;AESP;10;10B002;M20190101080000P621AESP;2019;120191;;6;6;6;6;;;;;0;;120192;;5;5;5;5;;;;;0;;120193;;9;9;9;9;;;;;0;;120194;;5;5;5;5;;;;;0;;;;;;;;;;;;;;;;;;;;;;;;;;;;;;;;;;;;;;;;;;;superadmin;;superadmin;;1
147;1;M20190101080000P621;P621;2;1002;AEVA;10;10B002;M20190101080000P621AEVA;2019;120191;;6;6;6;6;;;;;0;;120192;;6;6;6;6;;;;;0;;120193;;9;9;9;9;;;;;0;;120194;;7;7;7;7;;;;;0;;;;;;;;;;;;;;;;;;;;;;;;;;;;;;;;;;;;;;;;;;;superadmin;;superadmin;;1
148;1;M20190101080000P621;P621;2;1002;AFIL;10;10B002;M20190101080000P621AFIL;2019;120191;;5;5;5;5;;;;;0;;120192;;9;9;9;9;;;;;0;;120193;;7;7;7;7;;;;;0;;120194;;7;7;7;7;;;;;0;;;;;;;;;;;;;;;;;;;;;;;;;;;;;;;;;;;;;;;;;;;superadmin;;superadmin;;1
149;1;M20190101080000P621;P621;2;1002;AFIS;10;10B002;M20190101080000P621AFIS;2019;120191;;10;10;10;10;;;;;0;;120192;;5;5;5;5;;;;;0;;120193;;6;6;6;6;;;;;0;;120194;;9;9;9;9;;;;;0;;;;;;;;;;;;;;;;;;;;;;;;;;;;;;;;;;;;;;;;;;;superadmin;;superadmin;;1
150;1;M20190101080000P621;P621;2;1002;AINF;10;10B002;M20190101080000P621AINF;2019;120191;;8;8;8;8;;;;;0;;120192;;5;5;5;5;;;;;0;;120193;;7;7;7;7;;;;;0;;120194;;10;10;10;10;;;;;0;;;;;;;;;;;;;;;;;;;;;;;;;;;;;;;;;;;;;;;;;;;superadmin;;superadmin;;1
151;1;M20190101080000P621;P621;2;1002;AING;10;10B002;M20190101080000P621AING;2019;120191;;5;5;5;5;;;;;0;;120192;;5;5;5;5;;;;;0;;120193;;9;9;9;9;;;;;0;;120194;;9;9;9;9;;;;;0;;;;;;;;;;;;;;;;;;;;;;;;;;;;;;;;;;;;;;;;;;;superadmin;;superadmin;;1
152;1;M20190101080000P621;P621;2;1002;AMAT;10;10B002;M20190101080000P621AMAT;2019;120191;;7;7;7;7;;;;;0;;120192;;5;5;5;5;;;;;0;;120193;;7;7;7;7;;;;;0;;120194;;9;9;9;9;;;;;0;;;;;;;;;;;;;;;;;;;;;;;;;;;;;;;;;;;;;;;;;;;superadmin;;superadmin;;1
153;1;M20190101080000P621;P621;2;1002;AQU;10;10B002;M20190101080000P621AQU;2019;120191;;5;5;5;5;;;;;0;;120192;;8;8;8;8;;;;;0;;120193;;6;6;6;6;;;;;0;;120194;;6;6;6;6;;;;;0;;;;;;;;;;;;;;;;;;;;;;;;;;;;;;;;;;;;;;;;;;;superadmin;;superadmin;;1
154;1;M20190101080000P621;P621;2;1002;AREL;10;10B002;M20190101080000P621AREL;2019;120191;;8;8;8;8;;;;;0;;120192;;7;7;7;7;;;;;0;;120193;;7;7;7;7;;;;;0;;120194;;6;6;6;6;;;;;0;;;;;;;;;;;;;;;;;;;;;;;;;;;;;;;;;;;;;;;;;;;superadmin;;superadmin;;1
155;1;M20190101080000P623;P623;2;1002;AART;10;10B002;M20190101080000P623AART;2019;120191;;9;9;9;9;;;;;0;;120192;;5;5;5;5;;;;;0;;120193;;9;9;9;9;;;;;0;;120194;;10;10;10;10;;;;;0;;;;;;;;;;;;;;;;;;;;;;;;;;;;;;;;;;;;;;;;;;;superadmin;;superadmin;;1
156;1;M20190101080000P623;P623;2;1002;ACD;10;10B002;M20190101080000P623ACD;2019;120191;;9;9;9;9;;;;;0;;120192;;5;5;5;5;;;;;0;;120193;;8;8;8;8;;;;;0;;120194;;6;6;6;6;;;;;0;;;;;;;;;;;;;;;;;;;;;;;;;;;;;;;;;;;;;;;;;;;superadmin;;superadmin;;1
157;1;M20190101080000P623;P623;2;1002;ADEM;10;10B002;M20190101080000P623ADEM;2019;120191;;7;7;7;7;;;;;0;;120192;;9;9;9;9;;;;;0;;120193;;7;7;7;7;;;;;0;;120194;;8;8;8;8;;;;;0;;;;;;;;;;;;;;;;;;;;;;;;;;;;;;;;;;;;;;;;;;;superadmin;;superadmin;;1
158;1;M20190101080000P623;P623;2;1002;AECO;10;10B002;M20190101080000P623AECO;2019;120191;;10;10;10;10;;;;;0;;120192;;5;5;5;5;;;;;0;;120193;;9;9;9;9;;;;;0;;120194;;5;5;5;5;;;;;0;;;;;;;;;;;;;;;;;;;;;;;;;;;;;;;;;;;;;;;;;;;superadmin;;superadmin;;1
159;1;M20190101080000P623;P623;2;1002;AEFI;10;10B002;M20190101080000P623AEFI;2019;120191;;8;8;8;8;;;;;0;;120192;;9;9;9;9;;;;;0;;120193;;5;5;5;5;;;;;0;;120194;;8;8;8;8;;;;;0;;;;;;;;;;;;;;;;;;;;;;;;;;;;;;;;;;;;;;;;;;;superadmin;;superadmin;;1
160;1;M20190101080000P623;P623;2;1002;AESP;10;10B002;M20190101080000P623AESP;2019;120191;;8;8;8;8;;;;;0;;120192;;7;7;7;7;;;;;0;;120193;;8;8;8;8;;;;;0;;120194;;7;7;7;7;;;;;0;;;;;;;;;;;;;;;;;;;;;;;;;;;;;;;;;;;;;;;;;;;superadmin;;superadmin;;1
161;1;M20190101080000P623;P623;2;1002;AEVA;10;10B002;M20190101080000P623AEVA;2019;120191;;5;5;5;5;;;;;0;;120192;;8;8;8;8;;;;;0;;120193;;8;8;8;8;;;;;0;;120194;;8;8;8;8;;;;;0;;;;;;;;;;;;;;;;;;;;;;;;;;;;;;;;;;;;;;;;;;;superadmin;;superadmin;;1
162;1;M20190101080000P623;P623;2;1002;AFIL;10;10B002;M20190101080000P623AFIL;2019;120191;;6;6;6;6;;;;;0;;120192;;5;5;5;5;;;;;0;;120193;;6;6;6;6;;;;;0;;120194;;7;7;7;7;;;;;0;;;;;;;;;;;;;;;;;;;;;;;;;;;;;;;;;;;;;;;;;;;superadmin;;superadmin;;1
163;1;M20190101080000P623;P623;2;1002;AFIS;10;10B002;M20190101080000P623AFIS;2019;120191;;9;9;9;9;;;;;0;;120192;;6;6;6;6;;;;;0;;120193;;6;6;6;6;;;;;0;;120194;;9;9;9;9;;;;;0;;;;;;;;;;;;;;;;;;;;;;;;;;;;;;;;;;;;;;;;;;;superadmin;;superadmin;;1
164;1;M20190101080000P623;P623;2;1002;AINF;10;10B002;M20190101080000P623AINF;2019;120191;;8;8;8;8;;;;;0;;120192;;8;8;8;8;;;;;0;;120193;;6;6;6;6;;;;;0;;120194;;5;5;5;5;;;;;0;;;;;;;;;;;;;;;;;;;;;;;;;;;;;;;;;;;;;;;;;;;superadmin;;superadmin;;1
165;1;M20190101080000P623;P623;2;1002;AING;10;10B002;M20190101080000P623AING;2019;120191;;10;10;10;10;;;;;0;;120192;;6;6;6;6;;;;;0;;120193;;6;6;6;6;;;;;0;;120194;;5;5;5;5;;;;;0;;;;;;;;;;;;;;;;;;;;;;;;;;;;;;;;;;;;;;;;;;;superadmin;;superadmin;;1
166;1;M20190101080000P623;P623;2;1002;AMAT;10;10B002;M20190101080000P623AMAT;2019;120191;;5;5;5;5;;;;;0;;120192;;6;6;6;6;;;;;0;;120193;;5;5;5;5;;;;;0;;120194;;5;5;5;5;;;;;0;;;;;;;;;;;;;;;;;;;;;;;;;;;;;;;;;;;;;;;;;;;superadmin;;superadmin;;1
167;1;M20190101080000P623;P623;2;1002;AQU;10;10B002;M20190101080000P623AQU;2019;120191;;10;10;10;10;;;;;0;;120192;;6;6;6;6;;;;;0;;120193;;8;8;8;8;;;;;0;;120194;;10;10;10;10;;;;;0;;;;;;;;;;;;;;;;;;;;;;;;;;;;;;;;;;;;;;;;;;;superadmin;;superadmin;;1
168;1;M20190101080000P623;P623;2;1002;AREL;10;10B002;M20190101080000P623AREL;2019;120191;;5;5;5;5;;;;;0;;120192;;10;10;10;10;;;;;0;;120193;;5;5;5;5;;;;;0;;120194;;10;10;10;10;;;;;0;;;;;;;;;;;;;;;;;;;;;;;;;;;;;;;;;;;;;;;;;;;superadmin;;superadmin;;1
169;1;M20190101080000P624;P624;2;1002;AART;10;10B002;M20190101080000P624AART;2019;120191;;6;6;6;6;;;;;0;;120192;;5;5;5;5;;;;;0;;120193;;10;10;10;10;;;;;0;;120194;;7;7;7;7;;;;;0;;;;;;;;;;;;;;;;;;;;;;;;;;;;;;;;;;;;;;;;;;;superadmin;;superadmin;;1
170;1;M20190101080000P624;P624;2;1002;ACD;10;10B002;M20190101080000P624ACD;2019;120191;;5;5;5;5;;;;;0;;120192;;10;10;10;10;;;;;0;;120193;;6;6;6;6;;;;;0;;120194;;9;9;9;9;;;;;0;;;;;;;;;;;;;;;;;;;;;;;;;;;;;;;;;;;;;;;;;;;superadmin;;superadmin;;1
171;1;M20190101080000P624;P624;2;1002;ADEM;10;10B002;M20190101080000P624ADEM;2019;120191;;7;7;7;7;;;;;0;;120192;;6;6;6;6;;;;;0;;120193;;6;6;6;6;;;;;0;;120194;;9;9;9;9;;;;;0;;;;;;;;;;;;;;;;;;;;;;;;;;;;;;;;;;;;;;;;;;;superadmin;;superadmin;;1
172;1;M20190101080000P624;P624;2;1002;AECO;10;10B002;M20190101080000P624AECO;2019;120191;;6;6;6;6;;;;;0;;120192;;9;9;9;9;;;;;0;;120193;;6;6;6;6;;;;;0;;120194;;8;8;8;8;;;;;0;;;;;;;;;;;;;;;;;;;;;;;;;;;;;;;;;;;;;;;;;;;superadmin;;superadmin;;1
173;1;M20190101080000P624;P624;2;1002;AEFI;10;10B002;M20190101080000P624AEFI;2019;120191;;10;10;10;10;;;;;0;;120192;;6;6;6;6;;;;;0;;120193;;5;5;5;5;;;;;0;;120194;;7;7;7;7;;;;;0;;;;;;;;;;;;;;;;;;;;;;;;;;;;;;;;;;;;;;;;;;;superadmin;;superadmin;;1
174;1;M20190101080000P624;P624;2;1002;AESP;10;10B002;M20190101080000P624AESP;2019;120191;;9;9;9;9;;;;;0;;120192;;7;7;7;7;;;;;0;;120193;;7;7;7;7;;;;;0;;120194;;7;7;7;7;;;;;0;;;;;;;;;;;;;;;;;;;;;;;;;;;;;;;;;;;;;;;;;;;superadmin;;superadmin;;1
175;1;M20190101080000P624;P624;2;1002;AEVA;10;10B002;M20190101080000P624AEVA;2019;120191;;5;5;5;5;;;;;0;;120192;;10;10;10;10;;;;;0;;120193;;6;6;6;6;;;;;0;;120194;;5;5;5;5;;;;;0;;;;;;;;;;;;;;;;;;;;;;;;;;;;;;;;;;;;;;;;;;;superadmin;;superadmin;;1
176;1;M20190101080000P624;P624;2;1002;AFIL;10;10B002;M20190101080000P624AFIL;2019;120191;;8;8;8;8;;;;;0;;120192;;9;9;9;9;;;;;0;;120193;;7;7;7;7;;;;;0;;120194;;9;9;9;9;;;;;0;;;;;;;;;;;;;;;;;;;;;;;;;;;;;;;;;;;;;;;;;;;superadmin;;superadmin;;1
177;1;M20190101080000P624;P624;2;1002;AFIS;10;10B002;M20190101080000P624AFIS;2019;120191;;6;6;6;6;;;;;0;;120192;;5;5;5;5;;;;;0;;120193;;5;5;5;5;;;;;0;;120194;;6;6;6;6;;;;;0;;;;;;;;;;;;;;;;;;;;;;;;;;;;;;;;;;;;;;;;;;;superadmin;;superadmin;;1
178;1;M20190101080000P624;P624;2;1002;AINF;10;10B002;M20190101080000P624AINF;2019;120191;;8;8;8;8;;;;;0;;120192;;6;6;6;6;;;;;0;;120193;;10;10;10;10;;;;;0;;120194;;6;6;6;6;;;;;0;;;;;;;;;;;;;;;;;;;;;;;;;;;;;;;;;;;;;;;;;;;superadmin;;superadmin;;1
179;1;M20190101080000P624;P624;2;1002;AING;10;10B002;M20190101080000P624AING;2019;120191;;7;7;7;7;;;;;0;;120192;;5;5;5;5;;;;;0;;120193;;6;6;6;6;;;;;0;;120194;;7;7;7;7;;;;;0;;;;;;;;;;;;;;;;;;;;;;;;;;;;;;;;;;;;;;;;;;;superadmin;;superadmin;;1
180;1;M20190101080000P624;P624;2;1002;AMAT;10;10B002;M20190101080000P624AMAT;2019;120191;;7;7;7;7;;;;;0;;120192;;8;8;8;8;;;;;0;;120193;;6;6;6;6;;;;;0;;120194;;8;8;8;8;;;;;0;;;;;;;;;;;;;;;;;;;;;;;;;;;;;;;;;;;;;;;;;;;superadmin;;superadmin;;1
181;1;M20190101080000P624;P624;2;1002;AQU;10;10B002;M20190101080000P624AQU;2019;120191;;6;6;6;6;;;;;0;;120192;;9;9;9;9;;;;;0;;120193;;8;8;8;8;;;;;0;;120194;;10;10;10;10;;;;;0;;;;;;;;;;;;;;;;;;;;;;;;;;;;;;;;;;;;;;;;;;;superadmin;;superadmin;;1
182;1;M20190101080000P624;P624;2;1002;AREL;10;10B002;M20190101080000P624AREL;2019;120191;;10;10;10;10;;;;;0;;120192;;6;6;6;6;;;;;0;;120193;;6;6;6;6;;;;;0;;120194;;9;9;9;9;;;;;0;;;;;;;;;;;;;;;;;;;;;;;;;;;;;;;;;;;;;;;;;;;superadmin;;superadmin;;1
183;1;M20190101080000P625;P625;2;1002;AART;10;10B002;M20190101080000P625AART;2019;120191;;8;8;8;8;;;;;0;;120192;;7;7;7;7;;;;;0;;120193;;7;7;7;7;;;;;0;;120194;;5;5;5;5;;;;;0;;;;;;;;;;;;;;;;;;;;;;;;;;;;;;;;;;;;;;;;;;;superadmin;;superadmin;;1
184;1;M20190101080000P625;P625;2;1002;ACD;10;10B002;M20190101080000P625ACD;2019;120191;;5;5;5;5;;;;;0;;120192;;6;6;6;6;;;;;0;;120193;;8;8;8;8;;;;;0;;120194;;8;8;8;8;;;;;0;;;;;;;;;;;;;;;;;;;;;;;;;;;;;;;;;;;;;;;;;;;superadmin;;superadmin;;1
185;1;M20190101080000P625;P625;2;1002;ADEM;10;10B002;M20190101080000P625ADEM;2019;120191;;7;7;7;7;;;;;0;;120192;;5;5;5;5;;;;;0;;120193;;6;6;6;6;;;;;0;;120194;;8;8;8;8;;;;;0;;;;;;;;;;;;;;;;;;;;;;;;;;;;;;;;;;;;;;;;;;;superadmin;;superadmin;;1
186;1;M20190101080000P625;P625;2;1002;AECO;10;10B002;M20190101080000P625AECO;2019;120191;;6;6;6;6;;;;;0;;120192;;9;9;9;9;;;;;0;;120193;;9;9;9;9;;;;;0;;120194;;8;8;8;8;;;;;0;;;;;;;;;;;;;;;;;;;;;;;;;;;;;;;;;;;;;;;;;;;superadmin;;superadmin;;1
187;1;M20190101080000P625;P625;2;1002;AEFI;10;10B002;M20190101080000P625AEFI;2019;120191;;5;5;5;5;;;;;0;;120192;;6;6;6;6;;;;;0;;120193;;7;7;7;7;;;;;0;;120194;;6;6;6;6;;;;;0;;;;;;;;;;;;;;;;;;;;;;;;;;;;;;;;;;;;;;;;;;;superadmin;;superadmin;;1
188;1;M20190101080000P625;P625;2;1002;AESP;10;10B002;M20190101080000P625AESP;2019;120191;;10;10;10;10;;;;;0;;120192;;6;6;6;6;;;;;0;;120193;;7;7;7;7;;;;;0;;120194;;7;7;7;7;;;;;0;;;;;;;;;;;;;;;;;;;;;;;;;;;;;;;;;;;;;;;;;;;superadmin;;superadmin;;1
189;1;M20190101080000P625;P625;2;1002;AEVA;10;10B002;M20190101080000P625AEVA;2019;120191;;9;9;9;9;;;;;0;;120192;;6;6;6;6;;;;;0;;120193;;10;10;10;10;;;;;0;;120194;;9;9;9;9;;;;;0;;;;;;;;;;;;;;;;;;;;;;;;;;;;;;;;;;;;;;;;;;;superadmin;;superadmin;;1
190;1;M20190101080000P625;P625;2;1002;AFIL;10;10B002;M20190101080000P625AFIL;2019;120191;;7;7;7;7;;;;;0;;120192;;7;7;7;7;;;;;0;;120193;;6;6;6;6;;;;;0;;120194;;5;5;5;5;;;;;0;;;;;;;;;;;;;;;;;;;;;;;;;;;;;;;;;;;;;;;;;;;superadmin;;superadmin;;1
191;1;M20190101080000P625;P625;2;1002;AFIS;10;10B002;M20190101080000P625AFIS;2019;120191;;5;5;5;5;;;;;0;;120192;;10;10;10;10;;;;;0;;120193;;10;10;10;10;;;;;0;;120194;;10;10;10;10;;;;;0;;;;;;;;;;;;;;;;;;;;;;;;;;;;;;;;;;;;;;;;;;;superadmin;;superadmin;;1
192;1;M20190101080000P625;P625;2;1002;AINF;10;10B002;M20190101080000P625AINF;2019;120191;;9;9;9;9;;;;;0;;120192;;9;9;9;9;;;;;0;;120193;;7;7;7;7;;;;;0;;120194;;6;6;6;6;;;;;0;;;;;;;;;;;;;;;;;;;;;;;;;;;;;;;;;;;;;;;;;;;superadmin;;superadmin;;1
193;1;M20190101080000P625;P625;2;1002;AING;10;10B002;M20190101080000P625AING;2019;120191;;10;10;10;10;;;;;0;;120192;;7;7;7;7;;;;;0;;120193;;9;9;9;9;;;;;0;;120194;;8;8;8;8;;;;;0;;;;;;;;;;;;;;;;;;;;;;;;;;;;;;;;;;;;;;;;;;;superadmin;;superadmin;;1
194;1;M20190101080000P625;P625;2;1002;AMAT;10;10B002;M20190101080000P625AMAT;2019;120191;;8;8;8;8;;;;;0;;120192;;8;8;8;8;;;;;0;;120193;;10;10;10;10;;;;;0;;120194;;6;6;6;6;;;;;0;;;;;;;;;;;;;;;;;;;;;;;;;;;;;;;;;;;;;;;;;;;superadmin;;superadmin;;1
195;1;M20190101080000P625;P625;2;1002;AQU;10;10B002;M20190101080000P625AQU;2019;120191;;8;8;8;8;;;;;0;;120192;;10;10;10;10;;;;;0;;120193;;7;7;7;7;;;;;0;;120194;;7;7;7;7;;;;;0;;;;;;;;;;;;;;;;;;;;;;;;;;;;;;;;;;;;;;;;;;;superadmin;;superadmin;;1
196;1;M20190101080000P625;P625;2;1002;AREL;10;10B002;M20190101080000P625AREL;2019;120191;;8;8;8;8;;;;;0;;120192;;5;5;5;5;;;;;0;;120193;;5;5;5;5;;;;;0;;120194;;8;8;8;8;;;;;0;;;;;;;;;;;;;;;;;;;;;;;;;;;;;;;;;;;;;;;;;;;superadmin;;superadmin;;1
197;1;M20190101080000P626;P626;2;1002;AART;10;10B002;M20190101080000P626AART;2019;120191;;7;7;7;7;;;;;0;;120192;;10;10;10;10;;;;;0;;120193;;5;5;5;5;;;;;0;;120194;;9;9;9;9;;;;;0;;;;;;;;;;;;;;;;;;;;;;;;;;;;;;;;;;;;;;;;;;;superadmin;;superadmin;;1
198;1;M20190101080000P626;P626;2;1002;ACD;10;10B002;M20190101080000P626ACD;2019;120191;;8;8;8;8;;;;;0;;120192;;10;10;10;10;;;;;0;;120193;;5;5;5;5;;;;;0;;120194;;8;8;8;8;;;;;0;;;;;;;;;;;;;;;;;;;;;;;;;;;;;;;;;;;;;;;;;;;superadmin;;superadmin;;1
199;1;M20190101080000P626;P626;2;1002;ADEM;10;10B002;M20190101080000P626ADEM;2019;120191;;5;5;5;5;;;;;0;;120192;;10;10;10;10;;;;;0;;120193;;7;7;7;7;;;;;0;;120194;;10;10;10;10;;;;;0;;;;;;;;;;;;;;;;;;;;;;;;;;;;;;;;;;;;;;;;;;;superadmin;;superadmin;;1
200;1;M20190101080000P626;P626;2;1002;AECO;10;10B002;M20190101080000P626AECO;2019;120191;;8;8;8;8;;;;;0;;120192;;10;10;10;10;;;;;0;;120193;;6;6;6;6;;;;;0;;120194;;5;5;5;5;;;;;0;;;;;;;;;;;;;;;;;;;;;;;;;;;;;;;;;;;;;;;;;;;superadmin;;superadmin;;1
201;1;M20190101080000P626;P626;2;1002;AEFI;10;10B002;M20190101080000P626AEFI;2019;120191;;8;8;8;8;;;;;0;;120192;;5;5;5;5;;;;;0;;120193;;9;9;9;9;;;;;0;;120194;;5;5;5;5;;;;;0;;;;;;;;;;;;;;;;;;;;;;;;;;;;;;;;;;;;;;;;;;;superadmin;;superadmin;;1
202;1;M20190101080000P626;P626;2;1002;AESP;10;10B002;M20190101080000P626AESP;2019;120191;;10;10;10;10;;;;;0;;120192;;7;7;7;7;;;;;0;;120193;;8;8;8;8;;;;;0;;120194;;5;5;5;5;;;;;0;;;;;;;;;;;;;;;;;;;;;;;;;;;;;;;;;;;;;;;;;;;superadmin;;superadmin;;1
203;1;M20190101080000P626;P626;2;1002;AEVA;10;10B002;M20190101080000P626AEVA;2019;120191;;9;9;9;9;;;;;0;;120192;;10;10;10;10;;;;;0;;120193;;7;7;7;7;;;;;0;;120194;;9;9;9;9;;;;;0;;;;;;;;;;;;;;;;;;;;;;;;;;;;;;;;;;;;;;;;;;;superadmin;;superadmin;;1
204;1;M20190101080000P626;P626;2;1002;AFIL;10;10B002;M20190101080000P626AFIL;2019;120191;;10;10;10;10;;;;;0;;120192;;9;9;9;9;;;;;0;;120193;;6;6;6;6;;;;;0;;120194;;7;7;7;7;;;;;0;;;;;;;;;;;;;;;;;;;;;;;;;;;;;;;;;;;;;;;;;;;superadmin;;superadmin;;1
205;1;M20190101080000P626;P626;2;1002;AFIS;10;10B002;M20190101080000P626AFIS;2019;120191;;9;9;9;9;;;;;0;;120192;;9;9;9;9;;;;;0;;120193;;10;10;10;10;;;;;0;;120194;;10;10;10;10;;;;;0;;;;;;;;;;;;;;;;;;;;;;;;;;;;;;;;;;;;;;;;;;;superadmin;;superadmin;;1
206;1;M20190101080000P626;P626;2;1002;AINF;10;10B002;M20190101080000P626AINF;2019;120191;;5;5;5;5;;;;;0;;120192;;8;8;8;8;;;;;0;;120193;;5;5;5;5;;;;;0;;120194;;8;8;8;8;;;;;0;;;;;;;;;;;;;;;;;;;;;;;;;;;;;;;;;;;;;;;;;;;superadmin;;superadmin;;1
207;1;M20190101080000P626;P626;2;1002;AING;10;10B002;M20190101080000P626AING;2019;120191;;10;10;10;10;;;;;0;;120192;;9;9;9;9;;;;;0;;120193;;6;6;6;6;;;;;0;;120194;;5;5;5;5;;;;;0;;;;;;;;;;;;;;;;;;;;;;;;;;;;;;;;;;;;;;;;;;;superadmin;;superadmin;;1
208;1;M20190101080000P626;P626;2;1002;AMAT;10;10B002;M20190101080000P626AMAT;2019;120191;;5;5;5;5;;;;;0;;120192;;6;6;6;6;;;;;0;;120193;;6;6;6;6;;;;;0;;120194;;6;6;6;6;;;;;0;;;;;;;;;;;;;;;;;;;;;;;;;;;;;;;;;;;;;;;;;;;superadmin;;superadmin;;1
209;1;M20190101080000P626;P626;2;1002;AQU;10;10B002;M20190101080000P626AQU;2019;120191;;10;10;10;10;;;;;0;;120192;;6;6;6;6;;;;;0;;120193;;8;8;8;8;;;;;0;;120194;;10;10;10;10;;;;;0;;;;;;;;;;;;;;;;;;;;;;;;;;;;;;;;;;;;;;;;;;;superadmin;;superadmin;;1
210;1;M20190101080000P626;P626;2;1002;AREL;10;10B002;M20190101080000P626AREL;2019;120191;;10;10;10;10;;;;;0;;120192;;5;5;5;5;;;;;0;;120193;;9;9;9;9;;;;;0;;120194;;9;9;9;9;;;;;0;;;;;;;;;;;;;;;;;;;;;;;;;;;;;;;;;;;;;;;;;;;superadmin;;superadmin;;1
211;1;M20190101080000P628;P628;2;1002;AART;10;10B002;M20190101080000P628AART;2019;120191;;7;7;7;7;;;;;0;;120192;;6;6;6;6;;;;;0;;120193;;8;8;8;8;;;;;0;;120194;;8;8;8;8;;;;;0;;;;;;;;;;;;;;;;;;;;;;;;;;;;;;;;;;;;;;;;;;;superadmin;;superadmin;;1
212;1;M20190101080000P628;P628;2;1002;ACD;10;10B002;M20190101080000P628ACD;2019;120191;;8;8;8;8;;;;;0;;120192;;10;10;10;10;;;;;0;;120193;;5;5;5;5;;;;;0;;120194;;8;8;8;8;;;;;0;;;;;;;;;;;;;;;;;;;;;;;;;;;;;;;;;;;;;;;;;;;superadmin;;superadmin;;1
213;1;M20190101080000P628;P628;2;1002;ADEM;10;10B002;M20190101080000P628ADEM;2019;120191;;10;10;10;10;;;;;0;;120192;;8;8;8;8;;;;;0;;120193;;8;8;8;8;;;;;0;;120194;;9;9;9;9;;;;;0;;;;;;;;;;;;;;;;;;;;;;;;;;;;;;;;;;;;;;;;;;;superadmin;;superadmin;;1
214;1;M20190101080000P628;P628;2;1002;AECO;10;10B002;M20190101080000P628AECO;2019;120191;;8;8;8;8;;;;;0;;120192;;6;6;6;6;;;;;0;;120193;;9;9;9;9;;;;;0;;120194;;10;10;10;10;;;;;0;;;;;;;;;;;;;;;;;;;;;;;;;;;;;;;;;;;;;;;;;;;superadmin;;superadmin;;1
215;1;M20190101080000P628;P628;2;1002;AEFI;10;10B002;M20190101080000P628AEFI;2019;120191;;7;7;7;7;;;;;0;;120192;;6;6;6;6;;;;;0;;120193;;5;5;5;5;;;;;0;;120194;;10;10;10;10;;;;;0;;;;;;;;;;;;;;;;;;;;;;;;;;;;;;;;;;;;;;;;;;;superadmin;;superadmin;;1
216;1;M20190101080000P628;P628;2;1002;AESP;10;10B002;M20190101080000P628AESP;2019;120191;;9;9;9;9;;;;;0;;120192;;8;8;8;8;;;;;0;;120193;;6;6;6;6;;;;;0;;120194;;9;9;9;9;;;;;0;;;;;;;;;;;;;;;;;;;;;;;;;;;;;;;;;;;;;;;;;;;superadmin;;superadmin;;1
217;1;M20190101080000P628;P628;2;1002;AEVA;10;10B002;M20190101080000P628AEVA;2019;120191;;8;8;8;8;;;;;0;;120192;;10;10;10;10;;;;;0;;120193;;8;8;8;8;;;;;0;;120194;;9;9;9;9;;;;;0;;;;;;;;;;;;;;;;;;;;;;;;;;;;;;;;;;;;;;;;;;;superadmin;;superadmin;;1
218;1;M20190101080000P628;P628;2;1002;AFIL;10;10B002;M20190101080000P628AFIL;2019;120191;;5;5;5;5;;;;;0;;120192;;7;7;7;7;;;;;0;;120193;;6;6;6;6;;;;;0;;120194;;10;10;10;10;;;;;0;;;;;;;;;;;;;;;;;;;;;;;;;;;;;;;;;;;;;;;;;;;superadmin;;superadmin;;1
219;1;M20190101080000P628;P628;2;1002;AFIS;10;10B002;M20190101080000P628AFIS;2019;120191;;5;5;5;5;;;;;0;;120192;;9;9;9;9;;;;;0;;120193;;6;6;6;6;;;;;0;;120194;;6;6;6;6;;;;;0;;;;;;;;;;;;;;;;;;;;;;;;;;;;;;;;;;;;;;;;;;;superadmin;;superadmin;;1
220;1;M20190101080000P628;P628;2;1002;AINF;10;10B002;M20190101080000P628AINF;2019;120191;;5;5;5;5;;;;;0;;120192;;9;9;9;9;;;;;0;;120193;;9;9;9;9;;;;;0;;120194;;8;8;8;8;;;;;0;;;;;;;;;;;;;;;;;;;;;;;;;;;;;;;;;;;;;;;;;;;superadmin;;superadmin;;1
221;1;M20190101080000P628;P628;2;1002;AING;10;10B002;M20190101080000P628AING;2019;120191;;10;10;10;10;;;;;0;;120192;;7;7;7;7;;;;;0;;120193;;9;9;9;9;;;;;0;;120194;;7;7;7;7;;;;;0;;;;;;;;;;;;;;;;;;;;;;;;;;;;;;;;;;;;;;;;;;;superadmin;;superadmin;;1
222;1;M20190101080000P628;P628;2;1002;AMAT;10;10B002;M20190101080000P628AMAT;2019;120191;;6;6;6;6;;;;;0;;120192;;10;10;10;10;;;;;0;;120193;;10;10;10;10;;;;;0;;120194;;5;5;5;5;;;;;0;;;;;;;;;;;;;;;;;;;;;;;;;;;;;;;;;;;;;;;;;;;superadmin;;superadmin;;1
223;1;M20190101080000P628;P628;2;1002;AQU;10;10B002;M20190101080000P628AQU;2019;120191;;7;7;7;7;;;;;0;;120192;;6;6;6;6;;;;;0;;120193;;10;10;10;10;;;;;0;;120194;;9;9;9;9;;;;;0;;;;;;;;;;;;;;;;;;;;;;;;;;;;;;;;;;;;;;;;;;;superadmin;;superadmin;;1
224;1;M20190101080000P628;P628;2;1002;AREL;10;10B002;M20190101080000P628AREL;2019;120191;;9;9;9;9;;;;;0;;120192;;10;10;10;10;;;;;0;;120193;;9;9;9;9;;;;;0;;120194;;7;7;7;7;;;;;0;;;;;;;;;;;;;;;;;;;;;;;;;;;;;;;;;;;;;;;;;;;superadmin;;superadmin;;1
225;1;M20190101080000P631;P631;2;1002;AART;10;10B002;M20190101080000P631AART;2019;120191;;8;8;8;8;;;;;0;;120192;;6;6;6;6;;;;;0;;120193;;8;8;8;8;;;;;0;;120194;;9;9;9;9;;;;;0;;;;;;;;;;;;;;;;;;;;;;;;;;;;;;;;;;;;;;;;;;;superadmin;;superadmin;;1
226;1;M20190101080000P631;P631;2;1002;ACD;10;10B002;M20190101080000P631ACD;2019;120191;;5;5;5;5;;;;;0;;120192;;8;8;8;8;;;;;0;;120193;;8;8;8;8;;;;;0;;120194;;9;9;9;9;;;;;0;;;;;;;;;;;;;;;;;;;;;;;;;;;;;;;;;;;;;;;;;;;superadmin;;superadmin;;1
227;1;M20190101080000P631;P631;2;1002;ADEM;10;10B002;M20190101080000P631ADEM;2019;120191;;7;7;7;7;;;;;0;;120192;;6;6;6;6;;;;;0;;120193;;8;8;8;8;;;;;0;;120194;;6;6;6;6;;;;;0;;;;;;;;;;;;;;;;;;;;;;;;;;;;;;;;;;;;;;;;;;;superadmin;;superadmin;;1
228;1;M20190101080000P631;P631;2;1002;AECO;10;10B002;M20190101080000P631AECO;2019;120191;;9;9;9;9;;;;;0;;120192;;6;6;6;6;;;;;0;;120193;;7;7;7;7;;;;;0;;120194;;9;9;9;9;;;;;0;;;;;;;;;;;;;;;;;;;;;;;;;;;;;;;;;;;;;;;;;;;superadmin;;superadmin;;1
229;1;M20190101080000P631;P631;2;1002;AEFI;10;10B002;M20190101080000P631AEFI;2019;120191;;7;7;7;7;;;;;0;;120192;;10;10;10;10;;;;;0;;120193;;9;9;9;9;;;;;0;;120194;;5;5;5;5;;;;;0;;;;;;;;;;;;;;;;;;;;;;;;;;;;;;;;;;;;;;;;;;;superadmin;;superadmin;;1
230;1;M20190101080000P631;P631;2;1002;AESP;10;10B002;M20190101080000P631AESP;2019;120191;;6;6;6;6;;;;;0;;120192;;7;7;7;7;;;;;0;;120193;;8;8;8;8;;;;;0;;120194;;9;9;9;9;;;;;0;;;;;;;;;;;;;;;;;;;;;;;;;;;;;;;;;;;;;;;;;;;superadmin;;superadmin;;1
231;1;M20190101080000P631;P631;2;1002;AEVA;10;10B002;M20190101080000P631AEVA;2019;120191;;8;8;8;8;;;;;0;;120192;;8;8;8;8;;;;;0;;120193;;7;7;7;7;;;;;0;;120194;;9;9;9;9;;;;;0;;;;;;;;;;;;;;;;;;;;;;;;;;;;;;;;;;;;;;;;;;;superadmin;;superadmin;;1
232;1;M20190101080000P631;P631;2;1002;AFIL;10;10B002;M20190101080000P631AFIL;2019;120191;;9;9;9;9;;;;;0;;120192;;10;10;10;10;;;;;0;;120193;;6;6;6;6;;;;;0;;120194;;7;7;7;7;;;;;0;;;;;;;;;;;;;;;;;;;;;;;;;;;;;;;;;;;;;;;;;;;superadmin;;superadmin;;1
233;1;M20190101080000P631;P631;2;1002;AFIS;10;10B002;M20190101080000P631AFIS;2019;120191;;10;10;10;10;;;;;0;;120192;;9;9;9;9;;;;;0;;120193;;8;8;8;8;;;;;0;;120194;;9;9;9;9;;;;;0;;;;;;;;;;;;;;;;;;;;;;;;;;;;;;;;;;;;;;;;;;;superadmin;;superadmin;;1
234;1;M20190101080000P631;P631;2;1002;AINF;10;10B002;M20190101080000P631AINF;2019;120191;;6;6;6;6;;;;;0;;120192;;10;10;10;10;;;;;0;;120193;;6;6;6;6;;;;;0;;120194;;8;8;8;8;;;;;0;;;;;;;;;;;;;;;;;;;;;;;;;;;;;;;;;;;;;;;;;;;superadmin;;superadmin;;1
235;1;M20190101080000P631;P631;2;1002;AING;10;10B002;M20190101080000P631AING;2019;120191;;7;7;7;7;;;;;0;;120192;;7;7;7;7;;;;;0;;120193;;10;10;10;10;;;;;0;;120194;;10;10;10;10;;;;;0;;;;;;;;;;;;;;;;;;;;;;;;;;;;;;;;;;;;;;;;;;;superadmin;;superadmin;;1
236;1;M20190101080000P631;P631;2;1002;AMAT;10;10B002;M20190101080000P631AMAT;2019;120191;;5;5;5;5;;;;;0;;120192;;6;6;6;6;;;;;0;;120193;;8;8;8;8;;;;;0;;120194;;7;7;7;7;;;;;0;;;;;;;;;;;;;;;;;;;;;;;;;;;;;;;;;;;;;;;;;;;superadmin;;superadmin;;1
237;1;M20190101080000P631;P631;2;1002;AQU;10;10B002;M20190101080000P631AQU;2019;120191;;9;9;9;9;;;;;0;;120192;;6;6;6;6;;;;;0;;120193;;9;9;9;9;;;;;0;;120194;;5;5;5;5;;;;;0;;;;;;;;;;;;;;;;;;;;;;;;;;;;;;;;;;;;;;;;;;;superadmin;;superadmin;;1
238;1;M20190101080000P631;P631;2;1002;AREL;10;10B002;M20190101080000P631AREL;2019;120191;;10;10;10;10;;;;;0;;120192;;8;8;8;8;;;;;0;;120193;;6;6;6;6;;;;;0;;120194;;6;6;6;6;;;;;0;;;;;;;;;;;;;;;;;;;;;;;;;;;;;;;;;;;;;;;;;;;superadmin;;superadmin;;1
239;1;M20190101080000P632;P632;2;1002;AART;10;10B002;M20190101080000P632AART;2019;120191;;9;9;9;9;;;;;0;;120192;;7;7;7;7;;;;;0;;120193;;7;7;7;7;;;;;0;;120194;;9;9;9;9;;;;;0;;;;;;;;;;;;;;;;;;;;;;;;;;;;;;;;;;;;;;;;;;;superadmin;;superadmin;;1
240;1;M20190101080000P632;P632;2;1002;ACD;10;10B002;M20190101080000P632ACD;2019;120191;;6;6;6;6;;;;;0;;120192;;8;8;8;8;;;;;0;;120193;;5;5;5;5;;;;;0;;120194;;6;6;6;6;;;;;0;;;;;;;;;;;;;;;;;;;;;;;;;;;;;;;;;;;;;;;;;;;superadmin;;superadmin;;1
241;1;M20190101080000P632;P632;2;1002;ADEM;10;10B002;M20190101080000P632ADEM;2019;120191;;7;7;7;7;;;;;0;;120192;;6;6;6;6;;;;;0;;120193;;10;10;10;10;;;;;0;;120194;;7;7;7;7;;;;;0;;;;;;;;;;;;;;;;;;;;;;;;;;;;;;;;;;;;;;;;;;;superadmin;;superadmin;;1
242;1;M20190101080000P632;P632;2;1002;AECO;10;10B002;M20190101080000P632AECO;2019;120191;;9;9;9;9;;;;;0;;120192;;7;7;7;7;;;;;0;;120193;;8;8;8;8;;;;;0;;120194;;9;9;9;9;;;;;0;;;;;;;;;;;;;;;;;;;;;;;;;;;;;;;;;;;;;;;;;;;superadmin;;superadmin;;1
243;1;M20190101080000P632;P632;2;1002;AEFI;10;10B002;M20190101080000P632AEFI;2019;120191;;8;8;8;8;;;;;0;;120192;;8;8;8;8;;;;;0;;120193;;5;5;5;5;;;;;0;;120194;;6;6;6;6;;;;;0;;;;;;;;;;;;;;;;;;;;;;;;;;;;;;;;;;;;;;;;;;;superadmin;;superadmin;;1
244;1;M20190101080000P632;P632;2;1002;AESP;10;10B002;M20190101080000P632AESP;2019;120191;;5;5;5;5;;;;;0;;120192;;10;10;10;10;;;;;0;;120193;;5;5;5;5;;;;;0;;120194;;6;6;6;6;;;;;0;;;;;;;;;;;;;;;;;;;;;;;;;;;;;;;;;;;;;;;;;;;superadmin;;superadmin;;1
245;1;M20190101080000P632;P632;2;1002;AEVA;10;10B002;M20190101080000P632AEVA;2019;120191;;9;9;9;9;;;;;0;;120192;;9;9;9;9;;;;;0;;120193;;8;8;8;8;;;;;0;;120194;;10;10;10;10;;;;;0;;;;;;;;;;;;;;;;;;;;;;;;;;;;;;;;;;;;;;;;;;;superadmin;;superadmin;;1
246;1;M20190101080000P632;P632;2;1002;AFIL;10;10B002;M20190101080000P632AFIL;2019;120191;;7;7;7;7;;;;;0;;120192;;9;9;9;9;;;;;0;;120193;;9;9;9;9;;;;;0;;120194;;10;10;10;10;;;;;0;;;;;;;;;;;;;;;;;;;;;;;;;;;;;;;;;;;;;;;;;;;superadmin;;superadmin;;1
247;1;M20190101080000P632;P632;2;1002;AFIS;10;10B002;M20190101080000P632AFIS;2019;120191;;8;8;8;8;;;;;0;;120192;;10;10;10;10;;;;;0;;120193;;9;9;9;9;;;;;0;;120194;;9;9;9;9;;;;;0;;;;;;;;;;;;;;;;;;;;;;;;;;;;;;;;;;;;;;;;;;;superadmin;;superadmin;;1
248;1;M20190101080000P632;P632;2;1002;AINF;10;10B002;M20190101080000P632AINF;2019;120191;;10;10;10;10;;;;;0;;120192;;5;5;5;5;;;;;0;;120193;;6;6;6;6;;;;;0;;120194;;9;9;9;9;;;;;0;;;;;;;;;;;;;;;;;;;;;;;;;;;;;;;;;;;;;;;;;;;superadmin;;superadmin;;1
249;1;M20190101080000P632;P632;2;1002;AING;10;10B002;M20190101080000P632AING;2019;120191;;10;10;10;10;;;;;0;;120192;;5;5;5;5;;;;;0;;120193;;7;7;7;7;;;;;0;;120194;;10;10;10;10;;;;;0;;;;;;;;;;;;;;;;;;;;;;;;;;;;;;;;;;;;;;;;;;;superadmin;;superadmin;;1
250;1;M20190101080000P632;P632;2;1002;AMAT;10;10B002;M20190101080000P632AMAT;2019;120191;;8;8;8;8;;;;;0;;120192;;8;8;8;8;;;;;0;;120193;;8;8;8;8;;;;;0;;120194;;8;8;8;8;;;;;0;;;;;;;;;;;;;;;;;;;;;;;;;;;;;;;;;;;;;;;;;;;superadmin;;superadmin;;1
251;1;M20190101080000P632;P632;2;1002;AQU;10;10B002;M20190101080000P632AQU;2019;120191;;8;8;8;8;;;;;0;;120192;;8;8;8;8;;;;;0;;120193;;5;5;5;5;;;;;0;;120194;;10;10;10;10;;;;;0;;;;;;;;;;;;;;;;;;;;;;;;;;;;;;;;;;;;;;;;;;;superadmin;;superadmin;;1
252;1;M20190101080000P632;P632;2;1002;AREL;10;10B002;M20190101080000P632AREL;2019;120191;;8;8;8;8;;;;;0;;120192;;7;7;7;7;;;;;0;;120193;;8;8;8;8;;;;;0;;120194;;6;6;6;6;;;;;0;;;;;;;;;;;;;;;;;;;;;;;;;;;;;;;;;;;;;;;;;;;superadmin;;superadmin;;1
253;1;M20190101080000P634;P634;2;1002;AART;10;10B002;M20190101080000P634AART;2019;120191;;10;10;10;10;;;;;0;;120192;;6;6;6;6;;;;;0;;120193;;9;9;9;9;;;;;0;;120194;;5;5;5;5;;;;;0;;;;;;;;;;;;;;;;;;;;;;;;;;;;;;;;;;;;;;;;;;;superadmin;;superadmin;;1
254;1;M20190101080000P634;P634;2;1002;ACD;10;10B002;M20190101080000P634ACD;2019;120191;;8;8;8;8;;;;;0;;120192;;7;7;7;7;;;;;0;;120193;;7;7;7;7;;;;;0;;120194;;7;7;7;7;;;;;0;;;;;;;;;;;;;;;;;;;;;;;;;;;;;;;;;;;;;;;;;;;superadmin;;superadmin;;1
255;1;M20190101080000P634;P634;2;1002;ADEM;10;10B002;M20190101080000P634ADEM;2019;120191;;10;10;10;10;;;;;0;;120192;;9;9;9;9;;;;;0;;120193;;10;10;10;10;;;;;0;;120194;;7;7;7;7;;;;;0;;;;;;;;;;;;;;;;;;;;;;;;;;;;;;;;;;;;;;;;;;;superadmin;;superadmin;;1
256;1;M20190101080000P634;P634;2;1002;AECO;10;10B002;M20190101080000P634AECO;2019;120191;;8;8;8;8;;;;;0;;120192;;10;10;10;10;;;;;0;;120193;;10;10;10;10;;;;;0;;120194;;8;8;8;8;;;;;0;;;;;;;;;;;;;;;;;;;;;;;;;;;;;;;;;;;;;;;;;;;superadmin;;superadmin;;1
257;1;M20190101080000P634;P634;2;1002;AEFI;10;10B002;M20190101080000P634AEFI;2019;120191;;7;7;7;7;;;;;0;;120192;;5;5;5;5;;;;;0;;120193;;6;6;6;6;;;;;0;;120194;;10;10;10;10;;;;;0;;;;;;;;;;;;;;;;;;;;;;;;;;;;;;;;;;;;;;;;;;;superadmin;;superadmin;;1
258;1;M20190101080000P634;P634;2;1002;AESP;10;10B002;M20190101080000P634AESP;2019;120191;;5;5;5;5;;;;;0;;120192;;7;7;7;7;;;;;0;;120193;;8;8;8;8;;;;;0;;120194;;5;5;5;5;;;;;0;;;;;;;;;;;;;;;;;;;;;;;;;;;;;;;;;;;;;;;;;;;superadmin;;superadmin;;1
259;1;M20190101080000P634;P634;2;1002;AEVA;10;10B002;M20190101080000P634AEVA;2019;120191;;6;6;6;6;;;;;0;;120192;;7;7;7;7;;;;;0;;120193;;7;7;7;7;;;;;0;;120194;;5;5;5;5;;;;;0;;;;;;;;;;;;;;;;;;;;;;;;;;;;;;;;;;;;;;;;;;;superadmin;;superadmin;;1
260;1;M20190101080000P634;P634;2;1002;AFIL;10;10B002;M20190101080000P634AFIL;2019;120191;;8;8;8;8;;;;;0;;120192;;8;8;8;8;;;;;0;;120193;;6;6;6;6;;;;;0;;120194;;10;10;10;10;;;;;0;;;;;;;;;;;;;;;;;;;;;;;;;;;;;;;;;;;;;;;;;;;superadmin;;superadmin;;1
261;1;M20190101080000P634;P634;2;1002;AFIS;10;10B002;M20190101080000P634AFIS;2019;120191;;8;8;8;8;;;;;0;;120192;;5;5;5;5;;;;;0;;120193;;6;6;6;6;;;;;0;;120194;;7;7;7;7;;;;;0;;;;;;;;;;;;;;;;;;;;;;;;;;;;;;;;;;;;;;;;;;;superadmin;;superadmin;;1
262;1;M20190101080000P634;P634;2;1002;AINF;10;10B002;M20190101080000P634AINF;2019;120191;;10;10;10;10;;;;;0;;120192;;8;8;8;8;;;;;0;;120193;;7;7;7;7;;;;;0;;120194;;8;8;8;8;;;;;0;;;;;;;;;;;;;;;;;;;;;;;;;;;;;;;;;;;;;;;;;;;superadmin;;superadmin;;1
263;1;M20190101080000P634;P634;2;1002;AING;10;10B002;M20190101080000P634AING;2019;120191;;9;9;9;9;;;;;0;;120192;;10;10;10;10;;;;;0;;120193;;8;8;8;8;;;;;0;;120194;;10;10;10;10;;;;;0;;;;;;;;;;;;;;;;;;;;;;;;;;;;;;;;;;;;;;;;;;;superadmin;;superadmin;;1
264;1;M20190101080000P634;P634;2;1002;AMAT;10;10B002;M20190101080000P634AMAT;2019;120191;;10;10;10;10;;;;;0;;120192;;8;8;8;8;;;;;0;;120193;;9;9;9;9;;;;;0;;120194;;6;6;6;6;;;;;0;;;;;;;;;;;;;;;;;;;;;;;;;;;;;;;;;;;;;;;;;;;superadmin;;superadmin;;1
265;1;M20190101080000P634;P634;2;1002;AQU;10;10B002;M20190101080000P634AQU;2019;120191;;6;6;6;6;;;;;0;;120192;;6;6;6;6;;;;;0;;120193;;5;5;5;5;;;;;0;;120194;;10;10;10;10;;;;;0;;;;;;;;;;;;;;;;;;;;;;;;;;;;;;;;;;;;;;;;;;;superadmin;;superadmin;;1
266;1;M20190101080000P634;P634;2;1002;AREL;10;10B002;M20190101080000P634AREL;2019;120191;;8;8;8;8;;;;;0;;120192;;8;8;8;8;;;;;0;;120193;;10;10;10;10;;;;;0;;120194;;6;6;6;6;;;;;0;;;;;;;;;;;;;;;;;;;;;;;;;;;;;;;;;;;;;;;;;;;superadmin;;superadmin;;1
267;1;M20190101080000P636;P636;2;1002;AART;10;10B002;M20190101080000P636AART;2019;120191;;10;10;10;10;;;;;0;;120192;;8;8;8;8;;;;;0;;120193;;10;10;10;10;;;;;0;;120194;;9;9;9;9;;;;;0;;;;;;;;;;;;;;;;;;;;;;;;;;;;;;;;;;;;;;;;;;;superadmin;;superadmin;;1
268;1;M20190101080000P636;P636;2;1002;ACD;10;10B002;M20190101080000P636ACD;2019;120191;;10;10;10;10;;;;;0;;120192;;10;10;10;10;;;;;0;;120193;;6;6;6;6;;;;;0;;120194;;9;9;9;9;;;;;0;;;;;;;;;;;;;;;;;;;;;;;;;;;;;;;;;;;;;;;;;;;superadmin;;superadmin;;1
269;1;M20190101080000P636;P636;2;1002;ADEM;10;10B002;M20190101080000P636ADEM;2019;120191;;6;6;6;6;;;;;0;;120192;;6;6;6;6;;;;;0;;120193;;7;7;7;7;;;;;0;;120194;;10;10;10;10;;;;;0;;;;;;;;;;;;;;;;;;;;;;;;;;;;;;;;;;;;;;;;;;;superadmin;;superadmin;;1
270;1;M20190101080000P636;P636;2;1002;AECO;10;10B002;M20190101080000P636AECO;2019;120191;;9;9;9;9;;;;;0;;120192;;10;10;10;10;;;;;0;;120193;;5;5;5;5;;;;;0;;120194;;10;10;10;10;;;;;0;;;;;;;;;;;;;;;;;;;;;;;;;;;;;;;;;;;;;;;;;;;superadmin;;superadmin;;1
271;1;M20190101080000P636;P636;2;1002;AEFI;10;10B002;M20190101080000P636AEFI;2019;120191;;7;7;7;7;;;;;0;;120192;;10;10;10;10;;;;;0;;120193;;6;6;6;6;;;;;0;;120194;;8;8;8;8;;;;;0;;;;;;;;;;;;;;;;;;;;;;;;;;;;;;;;;;;;;;;;;;;superadmin;;superadmin;;1
272;1;M20190101080000P636;P636;2;1002;AESP;10;10B002;M20190101080000P636AESP;2019;120191;;7;7;7;7;;;;;0;;120192;;8;8;8;8;;;;;0;;120193;;5;5;5;5;;;;;0;;120194;;7;7;7;7;;;;;0;;;;;;;;;;;;;;;;;;;;;;;;;;;;;;;;;;;;;;;;;;;superadmin;;superadmin;;1
273;1;M20190101080000P636;P636;2;1002;AEVA;10;10B002;M20190101080000P636AEVA;2019;120191;;9;9;9;9;;;;;0;;120192;;6;6;6;6;;;;;0;;120193;;9;9;9;9;;;;;0;;120194;;7;7;7;7;;;;;0;;;;;;;;;;;;;;;;;;;;;;;;;;;;;;;;;;;;;;;;;;;superadmin;;superadmin;;1
274;1;M20190101080000P636;P636;2;1002;AFIL;10;10B002;M20190101080000P636AFIL;2019;120191;;9;9;9;9;;;;;0;;120192;;7;7;7;7;;;;;0;;120193;;9;9;9;9;;;;;0;;120194;;9;9;9;9;;;;;0;;;;;;;;;;;;;;;;;;;;;;;;;;;;;;;;;;;;;;;;;;;superadmin;;superadmin;;1
275;1;M20190101080000P636;P636;2;1002;AFIS;10;10B002;M20190101080000P636AFIS;2019;120191;;10;10;10;10;;;;;0;;120192;;7;7;7;7;;;;;0;;120193;;5;5;5;5;;;;;0;;120194;;6;6;6;6;;;;;0;;;;;;;;;;;;;;;;;;;;;;;;;;;;;;;;;;;;;;;;;;;superadmin;;superadmin;;1
276;1;M20190101080000P636;P636;2;1002;AINF;10;10B002;M20190101080000P636AINF;2019;120191;;9;9;9;9;;;;;0;;120192;;6;6;6;6;;;;;0;;120193;;6;6;6;6;;;;;0;;120194;;10;10;10;10;;;;;0;;;;;;;;;;;;;;;;;;;;;;;;;;;;;;;;;;;;;;;;;;;superadmin;;superadmin;;1
277;1;M20190101080000P636;P636;2;1002;AING;10;10B002;M20190101080000P636AING;2019;120191;;8;8;8;8;;;;;0;;120192;;5;5;5;5;;;;;0;;120193;;10;10;10;10;;;;;0;;120194;;6;6;6;6;;;;;0;;;;;;;;;;;;;;;;;;;;;;;;;;;;;;;;;;;;;;;;;;;superadmin;;superadmin;;1
278;1;M20190101080000P636;P636;2;1002;AMAT;10;10B002;M20190101080000P636AMAT;2019;120191;;8;8;8;8;;;;;0;;120192;;7;7;7;7;;;;;0;;120193;;7;7;7;7;;;;;0;;120194;;6;6;6;6;;;;;0;;;;;;;;;;;;;;;;;;;;;;;;;;;;;;;;;;;;;;;;;;;superadmin;;superadmin;;1
279;1;M20190101080000P636;P636;2;1002;AQU;10;10B002;M20190101080000P636AQU;2019;120191;;5;5;5;5;;;;;0;;120192;;9;9;9;9;;;;;0;;120193;;7;7;7;7;;;;;0;;120194;;6;6;6;6;;;;;0;;;;;;;;;;;;;;;;;;;;;;;;;;;;;;;;;;;;;;;;;;;superadmin;;superadmin;;1
280;1;M20190101080000P636;P636;2;1002;AREL;10;10B002;M20190101080000P636AREL;2019;120191;;6;6;6;6;;;;;0;;120192;;10;10;10;10;;;;;0;;120193;;9;9;9;9;;;;;0;;120194;;6;6;6;6;;;;;0;;;;;;;;;;;;;;;;;;;;;;;;;;;;;;;;;;;;;;;;;;;superadmin;;superadmin;;1
281;1;M20190101080000P638;P638;2;1002;AART;10;10B002;M20190101080000P638AART;2019;120191;;7;7;7;7;;;;;0;;120192;;9;9;9;9;;;;;0;;120193;;8;8;8;8;;;;;0;;120194;;8;8;8;8;;;;;0;;;;;;;;;;;;;;;;;;;;;;;;;;;;;;;;;;;;;;;;;;;superadmin;;superadmin;;1
282;1;M20190101080000P638;P638;2;1002;ACD;10;10B002;M20190101080000P638ACD;2019;120191;;8;8;8;8;;;;;0;;120192;;7;7;7;7;;;;;0;;120193;;9;9;9;9;;;;;0;;120194;;6;6;6;6;;;;;0;;;;;;;;;;;;;;;;;;;;;;;;;;;;;;;;;;;;;;;;;;;superadmin;;superadmin;;1
283;1;M20190101080000P638;P638;2;1002;ADEM;10;10B002;M20190101080000P638ADEM;2019;120191;;8;8;8;8;;;;;0;;120192;;6;6;6;6;;;;;0;;120193;;7;7;7;7;;;;;0;;120194;;10;10;10;10;;;;;0;;;;;;;;;;;;;;;;;;;;;;;;;;;;;;;;;;;;;;;;;;;superadmin;;superadmin;;1
284;1;M20190101080000P638;P638;2;1002;AECO;10;10B002;M20190101080000P638AECO;2019;120191;;6;6;6;6;;;;;0;;120192;;10;10;10;10;;;;;0;;120193;;8;8;8;8;;;;;0;;120194;;7;7;7;7;;;;;0;;;;;;;;;;;;;;;;;;;;;;;;;;;;;;;;;;;;;;;;;;;superadmin;;superadmin;;1
285;1;M20190101080000P638;P638;2;1002;AEFI;10;10B002;M20190101080000P638AEFI;2019;120191;;5;5;5;5;;;;;0;;120192;;8;8;8;8;;;;;0;;120193;;7;7;7;7;;;;;0;;120194;;6;6;6;6;;;;;0;;;;;;;;;;;;;;;;;;;;;;;;;;;;;;;;;;;;;;;;;;;superadmin;;superadmin;;1
286;1;M20190101080000P638;P638;2;1002;AESP;10;10B002;M20190101080000P638AESP;2019;120191;;8;8;8;8;;;;;0;;120192;;5;5;5;5;;;;;0;;120193;;9;9;9;9;;;;;0;;120194;;7;7;7;7;;;;;0;;;;;;;;;;;;;;;;;;;;;;;;;;;;;;;;;;;;;;;;;;;superadmin;;superadmin;;1
287;1;M20190101080000P638;P638;2;1002;AEVA;10;10B002;M20190101080000P638AEVA;2019;120191;;7;7;7;7;;;;;0;;120192;;9;9;9;9;;;;;0;;120193;;5;5;5;5;;;;;0;;120194;;5;5;5;5;;;;;0;;;;;;;;;;;;;;;;;;;;;;;;;;;;;;;;;;;;;;;;;;;superadmin;;superadmin;;1
288;1;M20190101080000P638;P638;2;1002;AFIL;10;10B002;M20190101080000P638AFIL;2019;120191;;8;8;8;8;;;;;0;;120192;;7;7;7;7;;;;;0;;120193;;5;5;5;5;;;;;0;;120194;;7;7;7;7;;;;;0;;;;;;;;;;;;;;;;;;;;;;;;;;;;;;;;;;;;;;;;;;;superadmin;;superadmin;;1
289;1;M20190101080000P638;P638;2;1002;AFIS;10;10B002;M20190101080000P638AFIS;2019;120191;;8;8;8;8;;;;;0;;120192;;8;8;8;8;;;;;0;;120193;;7;7;7;7;;;;;0;;120194;;7;7;7;7;;;;;0;;;;;;;;;;;;;;;;;;;;;;;;;;;;;;;;;;;;;;;;;;;superadmin;;superadmin;;1
290;1;M20190101080000P638;P638;2;1002;AINF;10;10B002;M20190101080000P638AINF;2019;120191;;6;6;6;6;;;;;0;;120192;;10;10;10;10;;;;;0;;120193;;9;9;9;9;;;;;0;;120194;;10;10;10;10;;;;;0;;;;;;;;;;;;;;;;;;;;;;;;;;;;;;;;;;;;;;;;;;;superadmin;;superadmin;;1
291;1;M20190101080000P638;P638;2;1002;AING;10;10B002;M20190101080000P638AING;2019;120191;;10;10;10;10;;;;;0;;120192;;6;6;6;6;;;;;0;;120193;;9;9;9;9;;;;;0;;120194;;9;9;9;9;;;;;0;;;;;;;;;;;;;;;;;;;;;;;;;;;;;;;;;;;;;;;;;;;superadmin;;superadmin;;1
292;1;M20190101080000P638;P638;2;1002;AMAT;10;10B002;M20190101080000P638AMAT;2019;120191;;10;10;10;10;;;;;0;;120192;;5;5;5;5;;;;;0;;120193;;6;6;6;6;;;;;0;;120194;;8;8;8;8;;;;;0;;;;;;;;;;;;;;;;;;;;;;;;;;;;;;;;;;;;;;;;;;;superadmin;;superadmin;;1
293;1;M20190101080000P638;P638;2;1002;AQU;10;10B002;M20190101080000P638AQU;2019;120191;;6;6;6;6;;;;;0;;120192;;7;7;7;7;;;;;0;;120193;;10;10;10;10;;;;;0;;120194;;5;5;5;5;;;;;0;;;;;;;;;;;;;;;;;;;;;;;;;;;;;;;;;;;;;;;;;;;superadmin;;superadmin;;1
294;1;M20190101080000P638;P638;2;1002;AREL;10;10B002;M20190101080000P638AREL;2019;120191;;9;9;9;9;;;;;0;;120192;;7;7;7;7;;;;;0;;120193;;8;8;8;8;;;;;0;;120194;;6;6;6;6;;;;;0;;;;;;;;;;;;;;;;;;;;;;;;;;;;;;;;;;;;;;;;;;;superadmin;;superadmin;;1
295;1;M20190101080000P639;P639;2;1002;AART;10;10B002;M20190101080000P639AART;2019;120191;;5;5;5;5;;;;;0;;120192;;7;7;7;7;;;;;0;;120193;;9;9;9;9;;;;;0;;120194;;5;5;5;5;;;;;0;;;;;;;;;;;;;;;;;;;;;;;;;;;;;;;;;;;;;;;;;;;superadmin;;superadmin;;1
296;1;M20190101080000P639;P639;2;1002;ACD;10;10B002;M20190101080000P639ACD;2019;120191;;9;9;9;9;;;;;0;;120192;;5;5;5;5;;;;;0;;120193;;7;7;7;7;;;;;0;;120194;;7;7;7;7;;;;;0;;;;;;;;;;;;;;;;;;;;;;;;;;;;;;;;;;;;;;;;;;;superadmin;;superadmin;;1
297;1;M20190101080000P639;P639;2;1002;ADEM;10;10B002;M20190101080000P639ADEM;2019;120191;;8;8;8;8;;;;;0;;120192;;7;7;7;7;;;;;0;;120193;;10;10;10;10;;;;;0;;120194;;6;6;6;6;;;;;0;;;;;;;;;;;;;;;;;;;;;;;;;;;;;;;;;;;;;;;;;;;superadmin;;superadmin;;1
298;1;M20190101080000P639;P639;2;1002;AECO;10;10B002;M20190101080000P639AECO;2019;120191;;10;10;10;10;;;;;0;;120192;;8;8;8;8;;;;;0;;120193;;9;9;9;9;;;;;0;;120194;;8;8;8;8;;;;;0;;;;;;;;;;;;;;;;;;;;;;;;;;;;;;;;;;;;;;;;;;;superadmin;;superadmin;;1
299;1;M20190101080000P639;P639;2;1002;AEFI;10;10B002;M20190101080000P639AEFI;2019;120191;;10;10;10;10;;;;;0;;120192;;8;8;8;8;;;;;0;;120193;;8;8;8;8;;;;;0;;120194;;9;9;9;9;;;;;0;;;;;;;;;;;;;;;;;;;;;;;;;;;;;;;;;;;;;;;;;;;superadmin;;superadmin;;1
300;1;M20190101080000P639;P639;2;1002;AESP;10;10B002;M20190101080000P639AESP;2019;120191;;5;5;5;5;;;;;0;;120192;;9;9;9;9;;;;;0;;120193;;10;10;10;10;;;;;0;;120194;;7;7;7;7;;;;;0;;;;;;;;;;;;;;;;;;;;;;;;;;;;;;;;;;;;;;;;;;;superadmin;;superadmin;;1
301;1;M20190101080000P639;P639;2;1002;AEVA;10;10B002;M20190101080000P639AEVA;2019;120191;;6;6;6;6;;;;;0;;120192;;7;7;7;7;;;;;0;;120193;;6;6;6;6;;;;;0;;120194;;7;7;7;7;;;;;0;;;;;;;;;;;;;;;;;;;;;;;;;;;;;;;;;;;;;;;;;;;superadmin;;superadmin;;1
302;1;M20190101080000P639;P639;2;1002;AFIL;10;10B002;M20190101080000P639AFIL;2019;120191;;7;7;7;7;;;;;0;;120192;;9;9;9;9;;;;;0;;120193;;9;9;9;9;;;;;0;;120194;;7;7;7;7;;;;;0;;;;;;;;;;;;;;;;;;;;;;;;;;;;;;;;;;;;;;;;;;;superadmin;;superadmin;;1
303;1;M20190101080000P639;P639;2;1002;AFIS;10;10B002;M20190101080000P639AFIS;2019;120191;;5;5;5;5;;;;;0;;120192;;10;10;10;10;;;;;0;;120193;;7;7;7;7;;;;;0;;120194;;8;8;8;8;;;;;0;;;;;;;;;;;;;;;;;;;;;;;;;;;;;;;;;;;;;;;;;;;superadmin;;superadmin;;1
304;1;M20190101080000P639;P639;2;1002;AINF;10;10B002;M20190101080000P639AINF;2019;120191;;5;5;5;5;;;;;0;;120192;;9;9;9;9;;;;;0;;120193;;9;9;9;9;;;;;0;;120194;;5;5;5;5;;;;;0;;;;;;;;;;;;;;;;;;;;;;;;;;;;;;;;;;;;;;;;;;;superadmin;;superadmin;;1
305;1;M20190101080000P639;P639;2;1002;AING;10;10B002;M20190101080000P639AING;2019;120191;;9;9;9;9;;;;;0;;120192;;6;6;6;6;;;;;0;;120193;;5;5;5;5;;;;;0;;120194;;5;5;5;5;;;;;0;;;;;;;;;;;;;;;;;;;;;;;;;;;;;;;;;;;;;;;;;;;superadmin;;superadmin;;1
306;1;M20190101080000P639;P639;2;1002;AMAT;10;10B002;M20190101080000P639AMAT;2019;120191;;8;8;8;8;;;;;0;;120192;;10;10;10;10;;;;;0;;120193;;10;10;10;10;;;;;0;;120194;;10;10;10;10;;;;;0;;;;;;;;;;;;;;;;;;;;;;;;;;;;;;;;;;;;;;;;;;;superadmin;;superadmin;;1
307;1;M20190101080000P639;P639;2;1002;AQU;10;10B002;M20190101080000P639AQU;2019;120191;;9;9;9;9;;;;;0;;120192;;10;10;10;10;;;;;0;;120193;;5;5;5;5;;;;;0;;120194;;5;5;5;5;;;;;0;;;;;;;;;;;;;;;;;;;;;;;;;;;;;;;;;;;;;;;;;;;superadmin;;superadmin;;1
308;1;M20190101080000P639;P639;2;1002;AREL;10;10B002;M20190101080000P639AREL;2019;120191;;5;5;5;5;;;;;0;;120192;;8;8;8;8;;;;;0;;120193;;8;8;8;8;;;;;0;;120194;;8;8;8;8;;;;;0;;;;;;;;;;;;;;;;;;;;;;;;;;;;;;;;;;;;;;;;;;;superadmin;;superadmin;;1
